Event Name,City,State/Region,Country,Event Date,Website,TED.com Link,Theme,# Past Events
TEDxIIMJammu,Jammus,,India,2025-01-01,https://www.tedxiimjammu.com,,,
TEDxJumeirahBeachParkSalon,Dubai,,United Arab Emirates,2025-01-01,https://www.tedxjumeirahbeachparksalon.com,,,
TEDxNCIT,Lalitpur,,Nepal,2025-01-01,https://www.tedxncit.com,,,
TEDxQuest International College,Lalitpur,,Nepal,2025-01-01,https://www.tedxquestinternationalcollege.com,,,
TEDxRiodoSul,Rio Do Sul,,Brazil,2025-01-01,https://www.tedxriodosul.com,,,
TEDxUOD,Diyala,,Iraq,2025-01-01,https://www.tedxuod.com,,,
TEDxImam Mohammed University,Riyadh,,Saudi Arabia,2025-01-02,https://www.tedximammohammeduniversity.com,,,
TEDxUniversity of Barishal,Brishal,,Bangladesh,2025-01-02,https://www.tedxuniversityofbarishal.com,,,
TEDxNepean Youth,Ottawa,,Canada,2025-01-03,https://www.tedxnepeanyouth.com,,,
TEDxElliots Beach,Chennai,,India,2025-01-04,https://www.tedxelliotsbeach.com,,,
TEDxIncheonU,yeonsugu,,South Korea,2025-01-04,https://www.tedxincheonu.com,,,9.0
TEDxNew Castle School Cairo,New Administrative Capital,,Egypt,2025-01-04,https://www.tedxnewcastleschoolcairo.com,,,
TEDxNguyen Sieu Primary School,Hanoi,,Vietnam,2025-01-04,https://www.tedxnguyensieuprimaryschool.com,,,
TEDxSIUHinjewadi,Pimpri-Chinchwad,,India,2025-01-04,https://www.tedxsiuhinjewadi.com,,,
TEDxTianjin University of Science and Technology,Tianjin,,China,2025-01-04,https://www.tedxtianjinuniversityofscienceandtechnology.com,,,
TEDxVishnu Institute,Bhimavaram,,India,2025-01-04,https://www.tedxvishnuinstitute.com,,,
TEDxYouth@TCSOkara,Okara,,Pakistan,2025-01-04,https://www.tedxyouthtcsokara.com,,,
TEDxIIIT Kottayam,Kottayam,,India,2025-01-05,https://www.tedxiiitkottayam.com,,,
TEDxScholastica School,Dhaka,,Bangladesh,2025-01-05,https://www.tedxscholasticaschool.com,,,
TEDxXLRI,Jamshedpur,,India,2025-01-05,https://www.tedxxlri.com,,,
TEDxBrookswood Secondary School Youth,Langley,,Canada,2025-01-07,https://www.tedxbrookswoodsecondaryschoolyouth.com,,,
TEDxIU Cerrahpa?a,Istanbul,,Turkey,2025-01-07,https://www.tedxiucerrahpaa.com,,,
TEDxTelAvivUniversity,Tel Aviv,,Israel,2025-01-07,https://www.tedxtelavivuniversity.com,,,
TEDxESEV,Viseu,,Portugal,2025-01-08,https://www.tedxesev.com,,,
TEDxJeppiaar University,Chennai,,India,2025-01-08,https://www.tedxjeppiaaruniversity.com,,,
TEDxCrawford University,Ketu Adieowe,,Nigeria,2025-01-09,https://www.tedxcrawforduniversity.com,,,
TEDxHCMUS,Ho Chi Min,,Vietnam,2025-01-09,https://www.tedxhcmus.com,,,
TEDxHopkinton HS Youth,Hopkinton,Massachussets,United States,2025-01-09,https://www.tedxhopkintonhsyouth.com,,,
TEDxAMEU Maribor,Maribor,,Slovenia,2025-01-10,https://www.tedxameumaribor.com,,,
TEDxBrighton College Dubai Youth,Dubai,,UAE,2025-01-10,https://www.tedxbrightoncollegedubaiyouth.com,,,
TEDxBSB Shunyi Youth,Beijing,,China,2025-01-10,https://www.tedxbsbshunyiyouth.com,,,
TEDxCS Academy Coimbatore,Coimbatore,,India,2025-01-10,https://www.tedxcsacademycoimbatore.com,,,
TEDxDPS Fulbari Youth,Binnaguri,,India,2025-01-10,https://www.tedxdpsfulbariyouth.com,,,
TEDxGI School Youth,Salento,,Colombia,2025-01-10,https://www.tedxgischoolyouth.com,,,
TEDxKCCollege,Mumbai,,India,2025-01-10,https://www.tedxkccollege.com,,,
TEDxMines Paris,Paris,,France,2025-01-10,https://www.tedxminesparis.com,,,
TEDxMSIT,New Delhi,,India,2025-01-10,https://www.tedxmsit.com,,,
TEDxThe Global College Youth,Madrid,,Spain,2025-01-10,https://www.tedxtheglobalcollegeyouth.com,,,
TEDxAmericanSchoolOfGuatemala,Guatemala City,,Guatemala,2025-01-11,https://www.tedxamericanschoolofguatemala.com,,,
TEDxBukitBintang,Kuala Lumpur,,Malaysia,2025-01-11,https://www.tedxbukitbintang.com,,,
TEDxDantewada,Dantewada,,India,2025-01-11,https://www.tedxdantewada.com,,,
TEDxLNMIIT,Jaipur,,India,2025-01-11,https://www.tedxlnmiit.com,,,
TEDxManayunk Youth,Philadelphia,Pennsylvania,United States,2025-01-11,https://www.tedxmanayunkyouth.com,,,
TEDxMITWPU,Kothrud,,India,2025-01-11,https://www.tedxmitwpu.com,,,
TEDxMLRIT,Hyderabad,,India,2025-01-11,https://www.tedxmlrit.com,,,
TEDxNITKkr,Thanesar,,India,2025-01-11,https://www.tedxnitkkr.com,,,
TEDxRavenshawUniversity,Cuttack,,India,2025-01-11,https://www.tedxravenshawuniversity.com,,,
TEDxSaintgits,Kottayam,,India,2025-01-11,https://www.tedxsaintgits.com,,,
TEDxSedbergh School Vietnam Youth,Ho Chi Minh City,,Vietnam,2025-01-11,https://www.tedxsedberghschoolvietnamyouth.com,,,
TEDxSJCETPalai,Palai,,India,2025-01-11,https://www.tedxsjcetpalai.com,,,
TEDxSpoleto,Spoleto,,Italy,2025-01-11,https://www.tedxspoleto.com,,,
TEDxVIT,Wadala,,India,2025-01-11,https://www.tedxvit.com,,,
TEDxYongkang,Tainan,,Taiwan,2025-01-11,https://www.tedxyongkang.com,,,
TEDxYouth@NCSSM,Durham,North Carolina,United States,2025-01-11,https://www.tedxyouthncssm.com,,,
TEDxFLAME University,Pune,,India,2025-01-12,https://www.tedxflameuniversity.com,,,
TEDxIIMBangalore,Bangalore,,India,2025-01-12,https://www.tedxiimbangalore.com,,,
TEDxTUDublin,Dublin,,Ireland,2025-01-12,https://www.tedxtudublin.com,,,
TEDxWukangRd,Shanghai,,China,2025-01-12,https://www.tedxwukangrd.com,,,
TEDxFrederiksberg,Copenhagen,,Denmark,2025-01-14,https://www.tedxfrederiksberg.com,,,
TEDxYouth@FranklinSchoolOfInnovation,Asheville,North Carolina,United States,2025-01-14,https://www.tedxyouthfranklinschoolofinnovation.com,,,
TEDxAl Ula,AlUla,,Saudi Arabia,2025-01-15,https://www.tedxalula.com,,,
TEDxCET,Thiruvananthapuram,,India,2025-01-15,https://www.tedxcet.com,,,
TEDxESCP Turin,Turin,,Italy,2025-01-15,https://www.tedxescpturin.com,,,
TEDxGebze Technical University,Kocaeli,,Turkey,2025-01-15,https://www.tedxgebzetechnicaluniversity.com,,,
TEDxPCCOER,Pune,,India,2025-01-15,https://www.tedxpccoer.com,,,
TEDxRajshahi University,Rajshahi,,Bangladesh,2025-01-15,https://www.tedxrajshahiuniversity.com,,,
TEDxYouth@VISAnseong,Anseong-si,,South Korea,2025-01-15,https://www.tedxyouthvisanseong.com,,,
TEDxCalle Aldama,San Miguel de Allende,,Mexico,2025-01-16,https://www.tedxcallealdama.com,,,
TEDxCarrollwood Day School,Tampa,Florida,United States,2025-01-16,https://www.tedxcarrollwooddayschool.com,,,
TEDxIMI New Delhi,New Delhi,,India,2025-01-16,https://www.tedximinewdelhi.com,,,
TEDxSCMS Nagpur,Nagpur,,India,2025-01-16,https://www.tedxscmsnagpur.com,,,
TEDxTCSCCI Youth,Islamabad,,Pakistan,2025-01-16,https://www.tedxtcscciyouth.com,,,
TEDxWestmoor High School,Daly City,California,United States,2025-01-16,https://www.tedxwestmoorhighschool.com,,,
TEDxCNU,Newport News,Virginia,United States,2025-01-17,https://www.tedxcnu.com,,,
TEDxJSPMRSCOE,Pimpri-Chinchwad,,India,2025-01-17,https://www.tedxjspmrscoe.com,,,
TEDxMountainViewHighSchool,Mountain View,California,United States,2025-01-17,https://www.tedxmountainviewhighschool.com,,,
TEDxNewcastle HS GDST,Newcastle,England,United Kingdom,2025-01-17,https://www.tedxnewcastlehsgdst.com,,,
TEDxOsijek,Osijek,,Croatia,2025-01-17,https://www.tedxosijek.com,,,
TEDxOsnabrück University,Osnabrück,,Germany,2025-01-17,https://www.tedxosnabrckuniversity.com,,,
TEDxPrazadeMaríaPita,Coruna,,Spain,2025-01-17,https://www.tedxprazademarapita.com,,,
TEDxThe City School DHA,Lahore,,Pakistan,2025-01-17,https://www.tedxthecityschooldha.com,,,
TEDxABUZaria,Zaria,,Nigeria,2025-01-18,https://www.tedxabuzaria.com,,,
TEDxAICJ High School,Hiroshima,,Japan,2025-01-18,https://www.tedxaicjhighschool.com,,,
TEDxBSU Youth,Ulaanbaatar,,Mongolia,2025-01-18,https://www.tedxbsuyouth.com,,,
TEDxCMS Cambridge Lucknow Youth,Lucknow,,India,2025-01-18,https://www.tedxcmscambridgelucknowyouth.com,,,
TEDxElPaso,El Paso,Texas,United States,2025-01-18,https://www.tedxelpaso.com,,,
TEDxGRIET,Hyderabad,,India,2025-01-18,https://www.tedxgriet.com,,,
TEDxHoward University Women,Washington,DC,United States,2025-01-18,https://www.tedxhowarduniversitywomen.com,,,
TEDxHR College,Mumbai,,India,2025-01-18,https://www.tedxhrcollege.com,,,
TEDxIMIB,Bhubaneswar,,India,2025-01-18,https://www.tedximib.com,,,
TEDxNIT Goa,Goa,,India,2025-01-18,https://www.tedxnitgoa.com,,,
TEDxRajajinagar,Bangalore,,India,2025-01-18,https://www.tedxrajajinagar.com,,,
TEDxSAIS Youth,Singapore,,Singapore,2025-01-18,https://www.tedxsaisyouth.com,,,
TEDxSeletar Youth,Singapore,,Singapore,2025-01-18,https://www.tedxseletaryouth.com,,,
TEDxShibocun Road,Shanghai,,China,2025-01-18,https://www.tedxshibocunroad.com,,,
TEDxSTS Dwarka Youth,New Delhi,,India,2025-01-18,https://www.tedxstsdwarkayouth.com,,,
TEDxSurrey,Surrey,,Canada,2025-01-18,https://www.tedxsurrey.com,,,
TEDxThe Learning Hub Canal Youth,Gujranwala,,India,2025-01-18,https://www.tedxthelearninghubcanalyouth.com,,,
TEDxWageningenUniversity,Wageningen,,Netherlands,2025-01-18,https://www.tedxwageningenuniversity.com,,,
TEDxYouth@Antwerp,Antwerp,,Belgium,2025-01-18,https://www.tedxyouthantwerp.com,,,
TEDxYouth@BVBRaipur,Raipur,,India,2025-01-18,https://www.tedxyouthbvbraipur.com,,,
TEDxYouth@SVP,Kota Bekasi,,Indonesia,2025-01-18,https://www.tedxyouthsvp.com,,,
TEDxAl Anjal Hassa City Youth,Hufuf,,Saudi Arabia,2025-01-19,https://www.tedxalanjalhassacityyouth.com,,,
TEDxBirla Intl School Youth,Belagavi,,India,2025-01-19,https://www.tedxbirlaintlschoolyouth.com,,,
TEDxNIT Durgapur,Durgapur,,India,2025-01-19,https://www.tedxnitdurgapur.com,,,
TEDxParma,Parma,,Italy,2025-01-19,https://www.tedxparma.com,,,
TEDxKhiva Presidential School,Khiva,,Uzbekistan,2025-01-20,https://www.tedxkhivapresidentialschool.com,,,
TEDxBistupur,Jamshedpur,,India,2025-01-21,https://www.tedxbistupur.com,,,
TEDxWileyUniversity,Marshall,Florida,United States,2025-01-21,https://www.tedxwileyuniversity.com,,,
TEDxESIC University,Pozuelo de Alarçon,,Spain,2025-01-22,https://www.tedxesicuniversity.com,,,
TEDxICS Zurich Youth,Zurich,,Switzerland,2025-01-22,https://www.tedxicszurichyouth.com,,,
TEDxLink Campus University,Roma,,Italy,2025-01-22,https://www.tedxlinkcampusuniversity.com,,,
TEDxLuxembourgCitySalon,Luxembourg,,Luxembourg,2025-01-22,https://www.tedxluxembourgcitysalon.com,,,
TEDxMaidMarianWay,Nottingham,England,United Kingdom,2025-01-22,https://www.tedxmaidmarianway.com,,,
TEDxSouth University,Tampa,Florida,United States,2025-01-22,https://www.tedxsouthuniversity.com,,,
TEDxAswanUniversity,Aswan,,Egypt,2025-01-23,https://www.tedxaswanuniversity.com,,,
TEDxCuenca,Cuenca,,Ecuador,2025-01-23,https://www.tedxcuenca.com,,,
TEDxIbn Roshd School Alyasmeen Youth,Riyadh,,Saudi Arabia,2025-01-23,https://www.tedxibnroshdschoolalyasmeenyouth.com,,,
TEDxNMIMS,Mumbai,,India,2025-01-23,https://www.tedxnmims.com,,,
TEDxPadovaSalon,Padova,,Italy,2025-01-23,https://www.tedxpadovasalon.com,,,
TEDxSriSairamIT,Sirukalathur,,India,2025-01-23,https://www.tedxsrisairamit.com,,,
TEDxYouth@NISShymkent,Shymkent,,Kazakhstan,2025-01-23,https://www.tedxyouthnisshymkent.com,,,
TEDxAcademic City University College,Haatso,,Ghana,2025-01-24,https://www.tedxacademiccityuniversitycollege.com,,,
TEDxAnuragU,Majarguda,,India,2025-01-24,https://www.tedxanuragu.com,,,
TEDxAUAF,Dohar,,Qatar,2025-01-24,https://www.tedxauaf.com,,,
TEDxChennai Institute Of Technology,Chennai,,India,2025-01-24,https://www.tedxchennaiinstituteoftechnology.com,,,
TEDxJardindelaUnion,Guanajuato,,Mexico,2025-01-24,https://www.tedxjardindelaunion.com,,,
TEDxValinhos,Valinhos,,Brazil,2025-01-24,https://www.tedxvalinhos.com,,,
TEDxWestminster School,London,England,United Kingdom,2025-01-24,https://www.tedxwestminsterschool.com,,,
TEDxYouth@LIStGermain,Saint Germain En Laye,,France,2025-01-24,https://www.tedxyouthlistgermain.com,,,
TEDxAhmadu Bello Way,Kaduna,,Nigeria,2025-01-25,https://www.tedxahmadubelloway.com,,,
TEDxAl Madina,Tarabulus,,Libya,2025-01-25,https://www.tedxalmadina.com,,,
TEDxAnalakely Youth,Antananarivo,,Madagascar,2025-01-25,https://www.tedxanalakelyyouth.com,,,
TEDxBeijing,Xicheng District,,China,2025-01-25,https://www.tedxbeijing.com,,,
TEDxCesena,Cesena,,Italy,2025-01-25,https://www.tedxcesena.com,,,
TEDxCrescent School Women,Lahore,,Pakistan,2025-01-25,https://www.tedxcrescentschoolwomen.com,,,
TEDxDelrayBeach,Delray Beach,Florida,United States,2025-01-25,https://www.tedxdelraybeach.com,,,
TEDxDijon,Dijon,,France,2025-01-25,https://www.tedxdijon.com,,,
TEDxDubai Scholars School Youth,Dubai,,UAE,2025-01-25,https://www.tedxdubaischolarsschoolyouth.com,,,
TEDxEThames College,Hyderabad,,India,2025-01-25,https://www.tedxethamescollege.com,,,
TEDxGreenfield Youth,Faridabad,,India,2025-01-25,https://www.tedxgreenfieldyouth.com,,,
TEDxGy?r,Györ,,Hungary,2025-01-25,https://www.tedxgyr.com,,,
TEDxHwaseong,Hwaseong-Si,,South Korea,2025-01-25,https://www.tedxhwaseong.com,,,
TEDxJKKNIU,Mymensingh,,Bangladesh,2025-01-25,https://www.tedxjkkniu.com,,,
TEDxLeander High School,Leander,Texas,United States,2025-01-25,https://www.tedxleanderhighschool.com,,,
TEDxMaitighar,Kathmandu,,Nepal,2025-01-25,https://www.tedxmaitighar.com,,,
TEDxManama,Manama,,Bahrain,2025-01-25,https://www.tedxmanama.com,,,
TEDxPiazza Santo Stefano Women,Bologna,,Italy,2025-01-25,https://www.tedxpiazzasantostefanowomen.com,,,
TEDxRocklin High School,Rocklin,California,United States,2025-01-25,https://www.tedxrocklinhighschool.com,,,
TEDxRRU Salon,Victoria,BC,Canada,2025-01-25,https://www.tedxrrusalon.com,,,
TEDxUniversitas Prasetiya Mulya,BSD City,,Indonesia,2025-01-25,https://www.tedxuniversitasprasetiyamulya.com,,,
TEDxUofTMississauga,Missauga,,Canada,2025-01-25,https://www.tedxuoftmississauga.com,,,
TEDxValletta,Valletta,,Malta,2025-01-25,https://www.tedxvalletta.com,,,
TEDxVille Marie ED,Montréal,,Canada,2025-01-25,https://www.tedxvillemarieed.com,,,
TEDxIMTGhaziabad,Ghaziabad,,India,2025-01-26,https://www.tedximtghaziabad.com,,,
TEDxKamiyama Youth,Kamiyama,,Japan,2025-01-26,https://www.tedxkamiyamayouth.com,,,
TEDxLondon,London,England,United Kingdom,2025-01-26,https://www.tedxlondon.com,,,
TEDxMirdif,Dubai,,UAE,2025-01-26,https://www.tedxmirdif.com,,,
TEDxIlinden,Sofia,,Bulgaria,2025-01-27,https://www.tedxilinden.com,,,
TEDxDDUC,Delhi,,India,2025-01-28,https://www.tedxdduc.com,,,
TEDxLisi Lake Youth,Tbilisi,,Georgia,2025-01-28,https://www.tedxlisilakeyouth.com,,,
TEDxNM College,Mumbai,,India,2025-01-28,https://www.tedxnmcollege.com,,,
TEDxNMIMSIndore,Indore,,India,2025-01-28,https://www.tedxnmimsindore.com,,,
TEDxAtlanta Salon,Peachtree Corners,Atlanta,Georgia,2025-01-29,https://www.tedxatlantasalon.com,,,
TEDxESE Milan,Milano,,Italy,2025-01-29,https://www.tedxesemilan.com,,,
TEDxIBA,Karachi,,Pakistan,2025-01-29,https://www.tedxiba.com,,,
TEDxLagunaBlancaSchool,Santa Barbara,California,United States,2025-01-29,https://www.tedxlagunablancaschool.com,,,
TEDxStevens Institute of Technology,Hoboken,New Jersey,United States,2025-01-29,https://www.tedxstevensinstituteoftechnology.com,,,
TEDxAgroParisTech,Palaiseau,,France,2025-01-30,https://www.tedxagroparistech.com,,,
TEDxAl Diyafah High School,Al Hofuf,Dubai,Saudi Arabia,2025-01-30,https://www.tedxaldiyafahhighschool.com,,,
TEDxAlexandraRd,Singapore,,Singapore,2025-01-30,https://www.tedxalexandrard.com,,,
TEDxVelammal Global School,Mambakkam,,India,2025-01-30,https://www.tedxvelammalglobalschool.com,,,
TEDxYorkSchool,Monterey Park,California,United States,2025-01-30,https://www.tedxyorkschool.com,,,
TEDxBradenton,Bradenton,Florida,United States,2025-01-31,https://www.tedxbradenton.com,,,
TEDxChristUniversity,Bengaluru,,India,2025-01-31,https://www.tedxchristuniversity.com,,,
TEDxCRCE,Bandra,,India,2025-01-31,https://www.tedxcrce.com,,,
TEDxIntl School Of Uganda,Kampala,,Uganda,2025-01-31,https://www.tedxintlschoolofuganda.com,,,
TEDxITE College West,Singapore,,Singapore,2025-01-31,https://www.tedxitecollegewest.com,,,
TEDxOdense,Odense,,Denmark,2025-01-31,https://www.tedxodense.com,,,
TEDxTaftAvenue,El Cajon,California,United States,2025-01-31,https://www.tedxtaftavenue.com,,,
TEDxASCSNAS Youth,Dubai,,UAE,2025-02-01,https://www.tedxascsnasyouth.com,,,
TEDxAurum The Global School,Haldwani,,India,2025-02-01,https://www.tedxaurumtheglobalschool.com,,,
TEDxBrewster Park ED,Houston,Texas,United States,2025-02-01,https://www.tedxbrewsterparked.com,,,
TEDxChéraga,Algiers,,Algeria,2025-02-01,https://www.tedxchraga.com,,,
TEDxChoithramSchoolIndore,Indore,,India,2025-02-01,https://www.tedxchoithramschoolindore.com,,,
TEDxElproIntlSchool,Pimpri-Chinchwad,,India,2025-02-01,https://www.tedxelprointlschool.com,,,
TEDxEustis,Eustis,Florida,United States,2025-02-01,https://www.tedxeustis.com,,,
TEDxFabrika,Diyabakir,,Turkey,2025-02-01,https://www.tedxfabrika.com,,,
TEDxForlì,Forli,,Italy,2025-02-01,https://www.tedxforl.com,,,
TEDxIITKanpur,Kanpur,,India,2025-02-01,https://www.tedxiitkanpur.com,,,
TEDxLakewood,Dallas,Texas,United States,2025-02-01,https://www.tedxlakewood.com,,,
TEDxLGS Multan Youth,Multan,,Pakistan,2025-02-01,https://www.tedxlgsmultanyouth.com,,,
TEDxRennes Youth,Rennes,,France,2025-02-01,https://www.tedxrennesyouth.com,,,
TEDxSouth Congress,Austin,Texas,United States,2025-02-01,https://www.tedxsouthcongress.com,,,
TEDxSPCE,Mumbai,,India,2025-02-01,https://www.tedxspce.com,,,
TEDxThe City School Islamabad Youth,Islamabad,,Pakistan,2025-02-01,https://www.tedxthecityschoolislamabadyouth.com,,,
TEDxYouth@MPSShalimarBagh,New Delhi,,India,2025-02-01,https://www.tedxyouthmpsshalimarbagh.com,,,
TEDxMcGill,Montreal,,Canada,2025-02-02,https://www.tedxmcgill.com,,,
TEDxOjai,Ojai,California,United States,2025-02-02,https://www.tedxojai.com,,,
TEDxPunkunnam Thrissur,Thrissur,,India,2025-02-02,https://www.tedxpunkunnamthrissur.com,,,
TEDxUniversityofSaskatchewan,Saskatoon,,Canada,2025-02-02,https://www.tedxuniversityofsaskatchewan.com,,,
TEDxLa Antigua,Sacatepequez,,Guatemala,2025-02-04,https://www.tedxlaantigua.com,,,
TEDxWoxsenUniversity,Moqdumpally,,India,2025-02-04,https://www.tedxwoxsenuniversity.com,,,
TEDxISAMM,Manouba,,Tunisia,2025-02-05,https://www.tedxisamm.com,,,
TEDxRichard Montgomery HS,Rockville,Maryland,United States,2025-02-05,https://www.tedxrichardmontgomeryhs.com,,,
TEDxUMKC,Kansas City,Missouri,United States,2025-02-05,https://www.tedxumkc.com,,,
TEDxAga Khan HS Kampala Youth,Kampala,,Uganda,2025-02-06,https://www.tedxagakhanhskampalayouth.com,,,
TEDxAURAK,Ras Al Kaimah,,UAE,2025-02-06,https://www.tedxaurak.com,,,
TEDxJabavu,Randburg,,South Africa,2025-02-06,https://www.tedxjabavu.com,,,
TEDxLiège,Liege,,Belgium,2025-02-06,https://www.tedxlige.com,,,
TEDxSAKEC,Chembur,Mumbai,India,2025-02-06,https://www.tedxsakec.com,,,
TEDxAmnuay Silpa School Youth,Ratchathewi,,Thailand,2025-02-07,https://www.tedxamnuaysilpaschoolyouth.com,,,
TEDxBangkok U,Khlong Neung Khlong Luang District,,Thailand,2025-02-07,https://www.tedxbangkoku.com,,,
TEDxBucaramanga,Bucaramanga,,Colombia,2025-02-07,https://www.tedxbucaramanga.com,,,
TEDxChitungwiza Youth,Chitungwiza,,Zimbabwe,2025-02-07,https://www.tedxchitungwizayouth.com,,,
TEDxIESEBarcelona,Barcelona,,Spain,2025-02-07,https://www.tedxiesebarcelona.com,,,
TEDxLannion,Lannion,,France,2025-02-07,https://www.tedxlannion.com,,,
TEDxMarcinekSchool,Poznan,,Poland,2025-02-07,https://www.tedxmarcinekschool.com,,,
TEDxNichols School Youth,Buffalo,New York,United States,2025-02-07,https://www.tedxnicholsschoolyouth.com,,,
TEDxPESITM,Shivamogga,,India,2025-02-07,https://www.tedxpesitm.com,,,
TEDxRajdhani College,New Delhi,,India,2025-02-07,https://www.tedxrajdhanicollege.com,,,
TEDxRansomEvergladesSchool,Miami,Florida,United States,2025-02-07,https://www.tedxransomevergladesschool.com,,,
TEDxRCHK Youth,Sha Tin,,Hong Kong,2025-02-07,https://www.tedxrchkyouth.com,,,
TEDxRUET,Rajshahi,,Bangladesh,2025-02-07,https://www.tedxruet.com,,,
TEDxStart Rite Schools Abuja,Federal Capital Territory,,Nigeria,2025-02-07,https://www.tedxstartriteschoolsabuja.com,,,
TEDxWest Campus Youth,Sacramento,California,United States,2025-02-07,https://www.tedxwestcampusyouth.com,,,
TEDxWesternU,London,,Canada,2025-02-07,https://www.tedxwesternu.com,,,
TEDxAvi Cenna Intl School,Ikeja,,Nigeria,2025-02-08,https://www.tedxavicennaintlschool.com,,,
TEDxBard College,Annandale-on-Hudson,New York,United States,2025-02-08,https://www.tedxbardcollege.com,,,
TEDxBountiful,Bountiful,Utah,United States,2025-02-08,https://www.tedxbountiful.com,,,
TEDxJESS Dubai Youth,Dubai,,UAE,2025-02-08,https://www.tedxjessdubaiyouth.com,,,
TEDxLeamingtonSpa,Leamington Spa,England,United Kingdom,2025-02-08,https://www.tedxleamingtonspa.com,,,
TEDxSandervalia,Conakry,,Guinea,2025-02-08,https://www.tedxsandervalia.com,,,
TEDxTerre Sainte ED,Saint Pierre,,Reunion,2025-02-08,https://www.tedxterresainteed.com,,,
TEDxThe Kulish School Jaipur,Jaipur,,India,2025-02-08,https://www.tedxthekulishschooljaipur.com,,,
TEDxThird Ward,Houston,Texas,United States,2025-02-08,https://www.tedxthirdward.com,,,
TEDxUAGRM,Santa Cruz de la Sierra,,Bolivia,2025-02-08,https://www.tedxuagrm.com,,,
TEDxYoungNak Middle School,Seoul,,South Korea,2025-02-08,https://www.tedxyoungnakmiddleschool.com,,,
TEDxYouth@AvenorCollege,Bucharest,,Romania,2025-02-08,https://www.tedxyouthavenorcollege.com,,,
TEDxYouth@ICSBKK,Bangkok,,Thailand,2025-02-08,https://www.tedxyouthicsbkk.com,,,
TEDxZewail City UST,Giza,,Egypt,2025-02-08,https://www.tedxzewailcityust.com,,,
TEDxGalala University,Galala,,Egypt,2025-02-09,https://www.tedxgalalauniversity.com,,,
TEDxKilleen,Killeen,Texas,United States,2025-02-09,https://www.tedxkilleen.com,,,
TEDxPSU,State College,Pennsylvania,United States,2025-02-09,https://www.tedxpsu.com,,,
TEDxShibuya Youth,Chuo City,,Japan,2025-02-09,https://www.tedxshibuyayouth.com,,,
TEDxIIS University,Jaipur,,India,2025-02-11,https://www.tedxiisuniversity.com,,,
TEDxParis,Paris,,France,2025-02-11,https://www.tedxparis.com,,,
TEDxPDEU,Ghandinghanar,,India,2025-02-11,https://www.tedxpdeu.com,,,
TEDxSUU,Cedar City,Utah,United States,2025-02-11,https://www.tedxsuu.com,,,
TEDxUSEK,Kasilik,,Lebanon,2025-02-11,https://www.tedxusek.com,,,
TEDxHaque Academy Youth,Karachi,,Pakistan,2025-02-12,https://www.tedxhaqueacademyyouth.com,,,
TEDxNewton North HS,Newton,Masschussets,United States,2025-02-12,https://www.tedxnewtonnorthhs.com,,,
TEDxQueen Ethelburgas Youth,Thorpe Underwood,England,United Kingdom,2025-02-12,https://www.tedxqueenethelburgasyouth.com,,,
TEDxSão Francisco do Sul,São Fransico do Sul,,Brazil,2025-02-12,https://www.tedxsofranciscodosul.com,,,
TEDxUSJ,Beirut,,Lebanon,2025-02-12,https://www.tedxusj.com,,,
TEDxYouth@PickeringCollege,Newmarket,,Canada,2025-02-12,https://www.tedxyouthpickeringcollege.com,,,
TEDxAmerican University of Sharjah,Sharjah,,AUE,2025-02-13,https://www.tedxamericanuniversityofsharjah.com,,,
TEDxBarnard College,New York,New York,United States,2025-02-13,https://www.tedxbarnardcollege.com,,,
TEDxBerlinSalon,Berlin,,Germany,2025-02-13,https://www.tedxberlinsalon.com,,,
TEDxECFS Youth,New York,New York,United States,2025-02-13,https://www.tedxecfsyouth.com,,,
TEDxGEMS Westminster School Sharjah,Sharjah,,UAE,2025-02-13,https://www.tedxgemswestminsterschoolsharjah.com,,,
TEDxOlentangy Liberty Youth,Powell,Ohio,United States,2025-02-13,https://www.tedxolentangylibertyyouth.com,,,
TEDxSGTBKC,New Delhi,,India,2025-02-13,https://www.tedxsgtbkc.com,,,
TEDxSt George Madrid Youth,Madrid,,Spain,2025-02-13,https://www.tedxstgeorgemadridyouth.com,,,
TEDxAddison Women,Dallas,Texas,United Stated,2025-02-14,https://www.tedxaddisonwomen.com,,,
TEDxFountainhead School,Chichi,,India,2025-02-14,https://www.tedxfountainheadschool.com,,,
TEDxMálagaSalon,Malaga,,Spain,2025-02-14,https://www.tedxmlagasalon.com,,,
TEDxYouth@BedayiaSchool,New Cairo,,Egypt,2025-02-14,https://www.tedxyouthbedayiaschool.com,,,
TEDxAden Bowman Collegiate Youth,Saskatoon,,Canada,2025-02-15,https://www.tedxadenbowmancollegiateyouth.com,,,
TEDxAYA Youth,Tampa,Florida,United States,2025-02-15,https://www.tedxayayouth.com,,,
TEDxBordeaux,Bordeaux,,France,2025-02-15,https://www.tedxbordeaux.com,,,
TEDxBreckenridge,Breckenridge,Colorado,United States,2025-02-15,https://www.tedxbreckenridge.com,,,
TEDxDaffodilU,Dhaka,,Bangladesh,2025-02-15,https://www.tedxdaffodilu.com,,,
TEDxENCGF,FES,,Morocco,2025-02-15,https://www.tedxencgf.com,,,
TEDxERU,Badr City,,Egypt,2025-02-15,https://www.tedxeru.com,,,
TEDxHD Qingdao School,Qingdao,,China,2025-02-15,https://www.tedxhdqingdaoschool.com,,,
TEDxIUHW Narita,Narita,,Japan,2025-02-15,https://www.tedxiuhwnarita.com,,,
TEDxMAIT,New Delhi,,India,2025-02-15,https://www.tedxmait.com,,,
TEDxNurorda Intl School Youth,Shymkent,,Kazakhstan,2025-02-15,https://www.tedxnurordaintlschoolyouth.com,,,
TEDxOkadh,Taif,,Saudi Arabia,2025-02-15,https://www.tedxokadh.com,,,
TEDxPhillips Academy,Andover,Massachussets,United States,2025-02-15,https://www.tedxphillipsacademy.com,,,
TEDxPurdueU,Lafayette,Indiana,United States,2025-02-15,https://www.tedxpurdueu.com,,,
TEDxSomerset West,Somerset West,Cape Town,South Africa,2025-02-15,https://www.tedxsomersetwest.com,,,
TEDxTCSGCC Youth,Karachi,,Pakistan,2025-02-15,https://www.tedxtcsgccyouth.com,,,
TEDxTexasStateUniversity,San Marcos,Texas,United States,2025-02-15,https://www.tedxtexasstateuniversity.com,,,
TEDxUC Irvine Salon,Irvine,California,United States,2025-02-15,https://www.tedxucirvinesalon.com,,,
TEDxUNCCharlotte,Charlotte,North Carolina,United States,2025-02-15,https://www.tedxunccharlotte.com,,,
TEDxUniversityCollegeRoosevelt,Middlesburg,,Netherlands,2025-02-15,https://www.tedxuniversitycollegeroosevelt.com,,,
TEDxUStreetSalon,Washington,DC,United States,2025-02-15,https://www.tedxustreetsalon.com,,,
TEDxVJTI Mumbai,Mumbai,,India,2025-02-15,https://www.tedxvjtimumbai.com,,,
TEDxYouth@TabaryElHegazHS,Cairo,,Egypt,2025-02-15,https://www.tedxyouthtabaryelhegazhs.com,,,
TEDxIIMBG,Bodh Gaya,,India,2025-02-16,https://www.tedxiimbg.com,,,
TEDxMASE,New Cairo,,Egypt,2025-02-17,https://www.tedxmase.com,,,
TEDxMirandaHouse,New Delhi,,India,2025-02-18,https://www.tedxmirandahouse.com,,,
TEDxNHCE,Bengaluru,,India,2025-02-18,https://www.tedxnhce.com,,,
TEDxUIR,Sala al Jadida,,Morocco,2025-02-18,https://www.tedxuir.com,,,
TEDxUNA,Casa Blanca,,Morocco,2025-02-18,https://www.tedxuna.com,,,
TEDxYouth@TSPSDubai,Dubai,,UAE,2025-02-18,https://www.tedxyouthtspsdubai.com,,,
TEDxATU Donegal,Letterkenny,,Ireland,2025-02-19,https://www.tedxatudonegal.com,,,
TEDxENS Sharjah Youth,Sharjah,,UAE,2025-02-19,https://www.tedxenssharjahyouth.com,,,
TEDxPerth,Perth,,Australia,2025-02-19,https://www.tedxperth.com,,,
TEDxSQU,Sib,,Oman,2025-02-19,https://www.tedxsqu.com,,,
TEDxACHS,Al Ahsa,,Saudi Arabia,2025-02-20,https://www.tedxachs.com,,,
TEDxAKGEC,Ghaziabad,,India,2025-02-20,https://www.tedxakgec.com,,,
TEDxGlobal Prestasi School Youth,Bandung,,Indonesia,2025-02-20,https://www.tedxglobalprestasischoolyouth.com,,,
TEDxGranada Hills Youth,Los Angeles,California,United States,2025-02-20,https://www.tedxgranadahillsyouth.com,,,
TEDxMansoura National University,Gamsa City,,Egypt,2025-02-20,https://www.tedxmansouranationaluniversity.com,,,
TEDxPitic,Hermosillo,,Mexico,2025-02-20,https://www.tedxpitic.com,,,
TEDxShanghai American School Pudong,Shanghai,,China,2025-02-20,https://www.tedxshanghaiamericanschoolpudong.com,,,
TEDxSharjah English School,Sharjah,,UAE,2025-02-20,https://www.tedxsharjahenglishschool.com,,,
TEDxUniversityofMississippi,Oxford,Mississippi,United States,2025-02-20,https://www.tedxuniversityofmississippi.com,,,
TEDxWakeForestU,Winston-Salem,North Carolina,United States,2025-02-20,https://www.tedxwakeforestu.com,,,
TEDxBellarmineU,Louisville,Kentucky,United States,2025-02-21,https://www.tedxbellarmineu.com,,,
TEDxECU,Cairo,,Egypt,2025-02-21,https://www.tedxecu.com,,,
TEDxGGSIPU EDC,Delhi,,India,2025-02-21,https://www.tedxggsipuedc.com,,,
TEDxIndianaUniversity,Bloomington,Indiana,United States,2025-02-21,https://www.tedxindianauniversity.com,,,
TEDxPoblenouWomen,Barcelona,,Spain,2025-02-21,https://www.tedxpoblenouwomen.com,,,
TEDxABU Kongo,Turdan Wada,,Nigera,2025-02-22,https://www.tedxabukongo.com,,,
TEDxAbu Tig Marina,El Gouna,,Egypt,2025-02-22,https://www.tedxabutigmarina.com,,,
TEDxBir El Djir,Oren,,Algeria,2025-02-22,https://www.tedxbireldjir.com,,,
TEDxDAVV,Indore,,India,2025-02-22,https://www.tedxdavv.com,,,
TEDxEmory,Atlanta,Georgia,United States,2025-02-22,https://www.tedxemory.com,,,
TEDxFMPR,Rabat,,Morocco,2025-02-22,https://www.tedxfmpr.com,,,
TEDxGuamilito,San Pedro Sula,,Honduras,2025-02-22,https://www.tedxguamilito.com,,,
TEDxHultLondon,London,England,United Kingdom,2025-02-22,https://www.tedxhultlondon.com,,,
TEDxIIT Tirupati,Tirupati,,India,2025-02-22,https://www.tedxiittirupati.com,,,
TEDxISC Brazil Youth,Curita,,Brazil,2025-02-22,https://www.tedxiscbrazilyouth.com,,,
TEDxJubileeHills,Hyderabad,,India,2025-02-22,https://www.tedxjubileehills.com,,,
TEDxJumeirahBeachPark,Dubai,,UAE,2025-02-22,https://www.tedxjumeirahbeachpark.com,,,
TEDxKievskaya Street Youth,Bishkek,,Kyrgyzstan,2025-02-22,https://www.tedxkievskayastreetyouth.com,,,
TEDxKLU Hamburg,Hamburg,,Germany,2025-02-22,https://www.tedxkluhamburg.com,,,
TEDxMint Street,Charlotte,North Carolina,United States,2025-02-22,https://www.tedxmintstreet.com,,,
TEDxMorningside Heights,New York,New York,United States,2025-02-22,https://www.tedxmorningsideheights.com,,,
TEDxNishtiman,Erbil,,Iraq,2025-02-22,https://www.tedxnishtiman.com,,,
TEDxNortheasternU,Boston,Massachussets,United States,2025-02-22,https://www.tedxnortheasternu.com,,,
TEDxPiazzaCampodeFiori,Roma,,Italy,2025-02-22,https://www.tedxpiazzacampodefiori.com,,,
TEDxSealineRd,Aden,,Yemen,2025-02-22,https://www.tedxsealinerd.com,,,
TEDxSIU Lavale,Lavale,,India,2025-02-22,https://www.tedxsiulavale.com,,,
TEDxSuginami,Suginami-ku,,Japan,2025-02-22,https://www.tedxsuginami.com,,,
TEDxUnited University,Prayagraj,,India,2025-02-22,https://www.tedxuniteduniversity.com,,,
TEDxYouth@SWA,Jakarta,,Indonesia,2025-02-22,https://www.tedxyouthswa.com,,,
TEDxAgustana College,Rock Island,Illinois,United States,2025-02-23,https://www.tedxagustanacollege.com,,,
TEDxRIT,Rochester,New York,United States,2025-02-23,https://www.tedxrit.com,,,
TEDxConcordia University,Montreal,,Canada,2025-02-24,https://www.tedxconcordiauniversity.com,,,
TEDxDabouq,Ammam,,Jordan,2025-02-24,https://www.tedxdabouq.com,,,
TEDxUniversity of Wah,Wah Cantt,,Pakistan,2025-02-24,https://www.tedxuniversityofwah.com,,,
TEDxGreenwood,Tulsa,Oklahoma,United States,2025-02-25,https://www.tedxgreenwood.com,,,
TEDxPrizren University,Prizen,,Kosovo,2025-02-25,https://www.tedxprizrenuniversity.com,,,
TEDxUTAS,Muscat,,Oman,2025-02-25,https://www.tedxutas.com,,,
TEDxYouth@PAS,Porto Alegre,,Brazil,2025-02-26,https://www.tedxyouthpas.com,,,
TEDxAl Sanawbar Youth,Al-Ain,,UAE,2025-02-27,https://www.tedxalsanawbaryouth.com,,,
TEDxSIS Dubai Youth,Dubai,,UAE,2025-02-27,https://www.tedxsisdubaiyouth.com,,,
TEDxSNHU,Manchester,New Hampshire,United States,2025-02-27,https://www.tedxsnhu.com,,,
TEDxYouth@ASF,Ciudad de Mexico,,Mexico,2025-02-27,https://www.tedxyouthasf.com,,,
TEDxAtlanta,Atlanta,Georgia,United States,2025-02-28,https://www.tedxatlanta.com,,,
TEDxCAU Women,Ushkent,,Uzbekistan,2025-02-28,https://www.tedxcauwomen.com,,,
TEDxGrayston Drive,Sandton,,South Africa,2025-02-28,https://www.tedxgraystondrive.com,,,
TEDxLakeheadU,Thunder Bay,,Canada,2025-02-28,https://www.tedxlakeheadu.com,,,
TEDxNibras Intl School Youth,Dubai,,UAE,2025-02-28,https://www.tedxnibrasintlschoolyouth.com,,,
TEDxSri Mahalakshmi School,Sankarankovil,,India,2025-02-28,https://www.tedxsrimahalakshmischool.com,,,
TEDxU Comillas,Madrid,,Spain,2025-02-28,https://www.tedxucomillas.com,,,
TEDxUA Huntsville,Huntsville,Alabama,United States,2025-02-28,https://www.tedxuahuntsville.com,,,
TEDxUAB,Birmingham,Alabama,United States,2025-02-28,https://www.tedxuab.com,,,
TEDxUPValència,Valencia,,Spain,2025-02-28,https://www.tedxupvalncia.com,,,
TEDxValenciaHighSchool,Placentia,California,United States,2025-02-28,https://www.tedxvalenciahighschool.com,,,
TEDxAmar Square Youth,Erdenet,,Mongolia,2025-03-01,https://www.tedxamarsquareyouth.com,,,
TEDxBath University,Bath,England,United Kingdom,2025-03-01,https://www.tedxbathuniversity.com,,,
TEDxBIS Wuxi Youth,Wu Xi Shi,,China,2025-03-01,https://www.tedxbiswuxiyouth.com,,,
TEDxGIPE,Pune,,India,2025-03-01,https://www.tedxgipe.com,,,
TEDxLincoln School Youth,Santo Domingo,,Costa Rica,2025-03-01,https://www.tedxlincolnschoolyouth.com,,,
TEDxManchester,Manchester,England,United Kingdom,2025-03-01,https://www.tedxmanchester.com,,,
TEDxMarvila,Lisbon,,Portugal,2025-03-01,https://www.tedxmarvila.com,,,
TEDxMission Park Ranch Youth,Chandler-Phoenix Metro Area,Arizona,United States,2025-03-01,https://www.tedxmissionparkranchyouth.com,,,
TEDxMladostWomen,Varna,,Bulgaria,2025-03-01,https://www.tedxmladostwomen.com,,,
TEDxNewUU,Tashkent,,Uzbekistan,2025-03-01,https://www.tedxnewuu.com,,,
TEDxPFH Goettingen,Goettingen,,Germany,2025-03-01,https://www.tedxpfhgoettingen.com,,,
TEDxRanders,Randers,,Denmark,2025-03-01,https://www.tedxranders.com,,,
TEDxTampa,Tampa,Florida,United States,2025-03-01,https://www.tedxtampa.com,,,
TEDxUniversity of Zimbabwe,Harare,,Zimbabwe,2025-03-01,https://www.tedxuniversityofzimbabwe.com,,,
TEDxVVGV,Gudivida,,India,2025-03-01,https://www.tedxvvgv.com,,,
TEDxXavierSchool,San Juan,,Phillipines,2025-03-01,https://www.tedxxavierschool.com,,,
TEDxXJTLU Salon,Su Zhou Shi,,China,2025-03-01,https://www.tedxxjtlusalon.com,,,
TEDxNIIT University,Majrakath,,India,2025-03-02,https://www.tedxniituniversity.com,,,
TEDxAISSMSCOE,Pune,,India,2025-03-03,https://www.tedxaissmscoe.com,,,
TEDxBayview Secondary School,Richmond Hill,,Canada,2025-03-03,https://www.tedxbayviewsecondaryschool.com,,,
TEDxNSPI,Navoly,,Uzbekistan,2025-03-03,https://www.tedxnspi.com,,,
TEDxStGeorgeStudio,St George,Utah,United States,2025-03-03,https://www.tedxstgeorgestudio.com,,,
TEDxUSI,Evansville,Indiana,United States,2025-03-03,https://www.tedxusi.com,,,
TEDxGEMS Metropole School,Dubai,,UAE,2025-03-04,https://www.tedxgemsmetropoleschool.com,,,
TEDxJesterCirED,Austin,Texas,United States,2025-03-04,https://www.tedxjestercired.com,,,
TEDxLAHS,Los Altos,California,United States,2025-03-04,https://www.tedxlahs.com,,,
TEDxLewisUniversity,Romeoville,Illinois,United States,2025-03-04,https://www.tedxlewisuniversity.com,,,
TEDxLuxembourgCityED,Luxembourg,,Luxembourg,2025-03-04,https://www.tedxluxembourgcityed.com,,,
TEDxSt Ignatius College Prep,San Fransisco,California,United States,2025-03-04,https://www.tedxstignatiuscollegeprep.com,,,
TEDxGEM,Grenoble,,France,2025-03-05,https://www.tedxgem.com,,,
TEDxWeiyu HS,Shanghai,,China,2025-03-05,https://www.tedxweiyuhs.com,,,
TEDxLitai Cambridge Youth,Shanghai,,China,2025-03-06,https://www.tedxlitaicambridgeyouth.com,,,
TEDxSaclayWomen,Gif-Sur-Yvette,,France,2025-03-06,https://www.tedxsaclaywomen.com,,,
TEDxYouth@Dayton,Dayton,Ohio,United States,2025-03-06,https://www.tedxyouthdayton.com,,,
TEDxYouth@DPSBN,Bangalore,,India,2025-03-06,https://www.tedxyouthdpsbn.com,,,
TEDxAUMP,Gwalior,,India,2025-03-07,https://www.tedxaump.com,,,
TEDxHotelschool The Hague,Den Haag,,Netherlands,2025-03-07,https://www.tedxhotelschoolthehague.com,,,
TEDxMobile,Mobile,Alabama,United States,2025-03-07,https://www.tedxmobile.com,,,
TEDxSaintFrancisHS,Mountain View,California,United States,2025-03-07,https://www.tedxsaintfrancishs.com,,,
TEDxVivekanandaCollege,New Delhi,,India,2025-03-07,https://www.tedxvivekanandacollege.com,,,
TEDxBASIS Hangzhou Youth,Hangzhou,,China,2025-03-08,https://www.tedxbasishangzhouyouth.com,,,
TEDxCanakkaleWomen,Canakkale,,Turkey,2025-03-08,https://www.tedxcanakkalewomen.com,,,
TEDxCanet En Roussillon,Canet En Roussillon,,France,2025-03-08,https://www.tedxcanetenroussillon.com,,,
TEDxFreiburg,Freiburg Im Breisgau,,Germany,2025-03-08,https://www.tedxfreiburg.com,,,
TEDxGreenwich University Hanoi,Hanoi,,Vietnam,2025-03-08,https://www.tedxgreenwichuniversityhanoi.com,,,
TEDxMahindraUniversity,Hyderabad,,India,2025-03-08,https://www.tedxmahindrauniversity.com,,,
TEDxMarshallU,Huntington,West Virginia,United States,2025-03-08,https://www.tedxmarshallu.com,,,
TEDxPiazza Vetra,Milan,,Italy,2025-03-08,https://www.tedxpiazzavetra.com,,,
TEDxRISD,Providence,Rhode Island,United States,2025-03-08,https://www.tedxrisd.com,,,
TEDxShanghai Women,Shanghai,,China,2025-03-08,https://www.tedxshanghaiwomen.com,,,
TEDxShekou Intl School,Shen Zhen Si,,China,2025-03-08,https://www.tedxshekouintlschool.com,,,
TEDxSonomaCounty,Santa Rosa,California,United States,2025-03-08,https://www.tedxsonomacounty.com,,,
TEDxUBC,Vancouver,,Canada,2025-03-08,https://www.tedxubc.com,,,
TEDxWestminister,Westminster,Maryland,United States,2025-03-08,https://www.tedxwestminister.com,,,
TEDxXuhui Women,Shanghai,,China,2025-03-08,https://www.tedxxuhuiwomen.com,,,
TEDxAwaji,Awaji,,Japan,2025-03-09,https://www.tedxawaji.com,,,
TEDxIITRoorkee,Roorkee,,India,2025-03-09,https://www.tedxiitroorkee.com,,,
TEDxPrairie Lane,Prescott Valley,Arizona,United States,2025-03-09,https://www.tedxprairielane.com,,,
TEDxTexas Tech,Lubbock,Texas,United States,2025-03-09,https://www.tedxtexastech.com,,,
TEDxBencoolen St Youth,Singapore,,Singapore,2025-03-10,https://www.tedxbencoolenstyouth.com,,,
TEDxFredrikstad,Fredrikstad,,Norway,2025-03-12,https://www.tedxfredrikstad.com,,,
TEDxHappy Holler,Knoxville,Maryland,United States,2025-03-12,https://www.tedxhappyholler.com,,,
TEDxSIS NEJ Youth,Jakarta,,Indonesia,2025-03-12,https://www.tedxsisnejyouth.com,,,
TEDxYachay Tech,Ibarra,,Ecuador,2025-03-12,https://www.tedxyachaytech.com,,,
TEDxAfricanLeadershipAcademy,Roodeport,,South Africa,2025-03-13,https://www.tedxafricanleadershipacademy.com,,,
TEDxISCSNAS Youth,Dubai,,UAE,2025-03-13,https://www.tedxiscsnasyouth.com,,,
TEDxKamionek Salon,Warsaw,,Poland,2025-03-13,https://www.tedxkamioneksalon.com,,,
TEDxLAU Byblos,Blat,,Lebanon,2025-03-13,https://www.tedxlaubyblos.com,,,
TEDxShenzhen Senior HS North,Shen Zhen Shi,,China,2025-03-13,https://www.tedxshenzhenseniorhsnorth.com,,,
TEDxStetsonU,DeLand,Florida,United States,2025-03-13,https://www.tedxstetsonu.com,,,
TEDxStMarysInternationalSchool,Tokyo,,Japan,2025-03-13,https://www.tedxstmarysinternationalschool.com,,,
TEDxAjouU,Suwon-Si,,South Korea,2025-03-14,https://www.tedxajouu.com,,,
TEDxBranksome Hall Asia Youth,Seogwipo,,South Korea,2025-03-14,https://www.tedxbranksomehallasiayouth.com,,,
TEDxBrisbane Salon,Brisbane,,Australia,2025-03-14,https://www.tedxbrisbanesalon.com,,,
TEDxDelrayBeachSalon,Delray Beach,Florida,United States,2025-03-14,https://www.tedxdelraybeachsalon.com,,,
TEDxFrisco HS Youth,Frisco,Texas,United States,2025-03-14,https://www.tedxfriscohsyouth.com,,,
TEDxGuildford,Guildford,England,United Kingdom,2025-03-14,https://www.tedxguildford.com,,,
TEDxHandley Blvd Women,Winchester,Virginia,United States,2025-03-14,https://www.tedxhandleyblvdwomen.com,,,
TEDxBPKIHS,Dharan,,Nepal,2025-03-15,https://www.tedxbpkihs.com,,,
TEDxCollediValdElsa,Colle di Vald Elsa,,Italy,2025-03-15,https://www.tedxcolledivaldelsa.com,,,
TEDxGeorgiaTech,Atlanta,Georgia,United States,2025-03-15,https://www.tedxgeorgiatech.com,,,
TEDxLINTAC Youth,Santiago,,Chile,2025-03-15,https://www.tedxlintacyouth.com,,,
TEDxLisboa,Lisbon,,Portugal,2025-03-15,https://www.tedxlisboa.com,,,
TEDxMeadows School,Las Vegas,Nevada,United States,2025-03-15,https://www.tedxmeadowsschool.com,,,
TEDxNTHU,Hsinchu,,Taiwan,2025-03-15,https://www.tedxnthu.com,,,
TEDxPPU,Hebron,,Palestine,2025-03-15,https://www.tedxppu.com,,,
TEDxSão Carlos,São Carlos,,Brazil,2025-03-15,https://www.tedxsocarlos.com,,,
TEDxSondrio,Sondrio,,Italy,2025-03-15,https://www.tedxsondrio.com,,,
TEDxSuzanne Park Youth,Walnut,California,United States,2025-03-15,https://www.tedxsuzanneparkyouth.com,,,
TEDxTelkom University,Bandung,,Indonesia,2025-03-15,https://www.tedxtelkomuniversity.com,,,
TEDxThe Assam Valley School Youth,Balipara,,India,2025-03-15,https://www.tedxtheassamvalleyschoolyouth.com,,,
TEDxYouth@AUS,Nashik,,India,2025-03-15,https://www.tedxyouthaus.com,,,
TEDxYouth@Evans,Augusta,Georgia,United States,2025-03-15,https://www.tedxyouthevans.com,,,
TEDxYouth@WAB,Beijing,,China,2025-03-15,https://www.tedxyouthwab.com,,,
TEDxNewton Grammar School,Hanoi,,Vietnam,2025-03-16,https://www.tedxnewtongrammarschool.com,,,
TEDxRoyalTunbridgeWells,Tunbridge Wells,England,United Kingdom,2025-03-16,https://www.tedxroyaltunbridgewells.com,,,
TEDxAUN,Wuro Hausa,,Nigeria,2025-03-18,https://www.tedxaun.com,,,
TEDxUni Anchieta,Jundiai,,Brazil,2025-03-18,https://www.tedxunianchieta.com,,,
TEDxEdmunds,Santa Monica,California,United States,2025-03-19,https://www.tedxedmunds.com,,,
TEDxFaculdade Zarns de Itumbiara,Itumbiara,,Brazil,2025-03-19,https://www.tedxfaculdadezarnsdeitumbiara.com,,,
TEDxKenmore Jr Sr High Youth,Buffalo,New York,United States,2025-03-19,https://www.tedxkenmorejrsrhighyouth.com,,,
TEDxSaintLouisUniversityMadrid,Madrid,,Spain,2025-03-19,https://www.tedxsaintlouisuniversitymadrid.com,,,
TEDxSMIA Youth,Shen Zhen Zhi,,China,2025-03-19,https://www.tedxsmiayouth.com,,,
TEDxGeorgiaStateU,Atlanta,Georgia,United States,2025-03-20,https://www.tedxgeorgiastateu.com,,,
TEDxNUML,Islamabad,,Pakistan,2025-03-20,https://www.tedxnuml.com,,,
TEDxStThomasAquinasHS,Fort Lauderdale,Florida,United States,2025-03-20,https://www.tedxstthomasaquinashs.com,,,
TEDxAWC,Yuma,Arizona,United States,2025-03-21,https://www.tedxawc.com,,,
TEDxCCHS Youth,San Diego,California,United States,2025-03-21,https://www.tedxcchsyouth.com,,,
TEDxIsfahan University of Technology,Isfahan,,Iran,2025-03-21,https://www.tedxisfahanuniversityoftechnology.com,,,
TEDxLeander High School,Leander,Texas,United States,2025-03-21,https://www.tedxleanderhighschool.com,,,
TEDxLUMSA,Rome,,Italy,2025-03-21,https://www.tedxlumsa.com,,,
TEDxMatera,Matera,,Italy,2025-03-21,https://www.tedxmatera.com,,,
TEDxMiriam College HS,Quezon City,,Phillipines,2025-03-21,https://www.tedxmiriamcollegehs.com,,,
TEDxSecond HS Szczecin Youth,Szczecin,,Poland,2025-03-21,https://www.tedxsecondhsszczecinyouth.com,,,
TEDxUniversity of Sydney,Darlington,,Australia,2025-03-21,https://www.tedxuniversityofsydney.com,,,
TEDxWestbourne Grammar Youth,Truganina,,Australia,2025-03-21,https://www.tedxwestbournegrammaryouth.com,,,
TEDxYouth@Abbotsleigh,Sydney,,Australia,2025-03-21,https://www.tedxyouthabbotsleigh.com,,,
TEDxAjijic,Ajijic,,Mexico,2025-03-22,https://www.tedxajijic.com,,,
TEDxBuckheadAveWomen,Atlanta,Georgia,United States,2025-03-22,https://www.tedxbuckheadavewomen.com,,,
TEDxColegio Merici Youth,CDMX,,Mexico,2025-03-22,https://www.tedxcolegiomericiyouth.com,,,
TEDxColumbia Lake Youth,Waterloo,,Canada,2025-03-22,https://www.tedxcolumbialakeyouth.com,,,
TEDxDaltVila,Elvissa,,Spain,2025-03-22,https://www.tedxdaltvila.com,,,
TEDxDWI EMAS Youth,Shah Alam,,Malaysia,2025-03-22,https://www.tedxdwiemasyouth.com,,,
TEDxGreatMills,Lexington,Maryland,United States,2025-03-22,https://www.tedxgreatmills.com,,,
TEDxIPSA Indore,Indore,,India,2025-03-22,https://www.tedxipsaindore.com,,,
TEDxNACIS Shanghai Youth,Shanghai,,China,2025-03-22,https://www.tedxnacisshanghaiyouth.com,,,
TEDxOhioStateUniversity,Columbus,Ohio,United States,2025-03-22,https://www.tedxohiostateuniversity.com,,,
TEDxPreston Ridge,Preston Ridge,Texas,United States,2025-03-22,https://www.tedxprestonridge.com,,,
TEDxQuestfield Intl College Youth,Bucharest,,Romania,2025-03-22,https://www.tedxquestfieldintlcollegeyouth.com,,,
TEDxSan Nicola la Strada,San Nicola la Strada,,Italy,2025-03-22,https://www.tedxsannicolalastrada.com,,,
TEDxSMICSchool,Shanghai,,China,2025-03-22,https://www.tedxsmicschool.com,,,
TEDxUCIS Youth,Chiang Mai,,Thailand,2025-03-22,https://www.tedxucisyouth.com,,,
TEDxVitosha,Sofia,,Bulgaria,2025-03-22,https://www.tedxvitosha.com,,,
TEDxHashemite University,Zarqa,,Jordan,2025-03-23,https://www.tedxhashemiteuniversity.com,,,
TEDxHirano High School,Osaka City,,Japan,2025-03-23,https://www.tedxhiranohighschool.com,,,
TEDxIITGandhinagar,Ganhinagar,,India,2025-03-23,https://www.tedxiitgandhinagar.com,,,
TEDxMSU,East Lansing,Michigan,United States,2025-03-23,https://www.tedxmsu.com,,,
TEDxNoventaVicentina,Noventa Vicentina,,Italy,2025-03-23,https://www.tedxnoventavicentina.com,,,
TEDxPanaji,Panaji Goa,,India,2025-03-23,https://www.tedxpanaji.com,,,
TEDxVersaillesGrandParc,Versailles,,France,2025-03-23,https://www.tedxversaillesgrandparc.com,,,
TEDxUnisinos,Porto Alegre,,Brazil,2025-03-24,https://www.tedxunisinos.com,,,
TEDxJaffaWomen,Tel-Aviv Jaffa,,Israel,2025-03-25,https://www.tedxjaffawomen.com,,,
TEDxJohn Paul College Youth,Frankston,,Australia,2025-03-25,https://www.tedxjohnpaulcollegeyouth.com,,,
TEDxNHSS Youth,Nashua,New Hampshire,United States,2025-03-25,https://www.tedxnhssyouth.com,,,
TEDxTulane,New Orleans,Louisiana,United States,2025-03-25,https://www.tedxtulane.com,,,
TEDxKeele University,Newcastle,England,United Kingdom,2025-03-26,https://www.tedxkeeleuniversity.com,,,
TEDxSNHU Salon,TBD,New Hampshire,United States,2025-03-26,https://www.tedxsnhusalon.com,,,
TEDxSoongChingLingSchool,Shanghai,,China,2025-03-26,https://www.tedxsoongchinglingschool.com,,,
TEDxTamworth,Tamworth,England,United Kingdom,2025-03-26,https://www.tedxtamworth.com,,,
TEDxWHRHS Youth,Warren,New Jersey,United States,2025-03-26,https://www.tedxwhrhsyouth.com,,,
TEDxAdamMickiewiczSchool,Katowice,,Poland,2025-03-27,https://www.tedxadammickiewiczschool.com,,,
TEDxElgin Park Secondary Youth,Surrey,,Canada,2025-03-27,https://www.tedxelginparksecondaryyouth.com,,,
TEDxTélécom SudParis,Évry-Courcouronnes,,France,2025-03-27,https://www.tedxtlcomsudparis.com,,,
TEDxUKY,Lexington,Kentucky,United States,2025-03-27,https://www.tedxuky.com,,,
TEDxBarimah Road,Accra,,Ghana,2025-03-28,https://www.tedxbarimahroad.com,,,
TEDxColegio Nueva Granada,Bogota,,Colombia,2025-03-28,https://www.tedxcolegionuevagranada.com,,,
TEDxDresden,Dresden,,Germany,2025-03-28,https://www.tedxdresden.com,,,
TEDxMiskolc,Miskolc,,Hungary,2025-03-28,https://www.tedxmiskolc.com,,,
TEDxPowstancow Slaskich Street,Wroclaw,,Poland,2025-03-28,https://www.tedxpowstancowslaskichstreet.com,,,
TEDxUGA,Athens,Georgia,United States,2025-03-28,https://www.tedxuga.com,,,
TEDxWAIS Hangzhou Youth,Hangzhou,,China,2025-03-28,https://www.tedxwaishangzhouyouth.com,,,
TEDxBabsonCollege,Wellesley,Massahussets,United States,2025-03-29,https://www.tedxbabsoncollege.com,,,
TEDxBahiaBlanca,Bahia Blanca,,Argentina,2025-03-29,https://www.tedxbahiablanca.com,,,
TEDxBBT,Vancouver,,Canada,2025-03-29,https://www.tedxbbt.com,,,
TEDxBeijing Salon,Beijing,,China,2025-03-29,https://www.tedxbeijingsalon.com,,,
TEDxBra?ov,Brasov,,Romania,2025-03-29,https://www.tedxbraov.com,,,
TEDxFaversham,Faversham,England,United Kingdom,2025-03-29,https://www.tedxfaversham.com,,,
TEDxGualeguaychu,Gualeguaychu,,Argentina,2025-03-29,https://www.tedxgualeguaychu.com,,,
TEDxIntercontinental Schools Kano,Kano,,Nigeria,2025-03-29,https://www.tedxintercontinentalschoolskano.com,,,
TEDxKI,Stockholm,,Sweden,2025-03-29,https://www.tedxki.com,,,
TEDxPorto,Porto,,Portugal,2025-03-29,https://www.tedxporto.com,,,
TEDxVCU,Richmond,Virgina,United States,2025-03-29,https://www.tedxvcu.com,,,
TEDxWilliam James College,Newton,Massachussets,United States,2025-03-29,https://www.tedxwilliamjamescollege.com,,,
TEDxBendigo,Bendigo,,Australia,2025-03-30,https://www.tedxbendigo.com,,,
TEDxUConn,Mansfield,Conneticut,United States,2025-03-30,https://www.tedxuconn.com,,,
TEDxInternationalSchoolofMyanmar,Yangon,,Myanmar,2025-03-31,https://www.tedxinternationalschoolofmyanmar.com,,,
TEDxLimoges,Limoges,,France,2025-03-31,https://www.tedxlimoges.com,,,
TEDxMileHighSalon,Denver,Colorado,United States,2025-03-31,https://www.tedxmilehighsalon.com,,,
TEDxBeloHorizonte,Belo Horizonte,,Brazil,2025-04-01,https://www.tedxbelohorizonte.com,,,
TEDxSBSC,New Delhi,,India,2025-04-02,https://www.tedxsbsc.com,,,
TEDxBarryU,Miami Shores,Florida,United States,2025-04-03,https://www.tedxbarryu.com,,,
TEDxBatonRouge,Baton Rouge,Louisiana,United States,2025-04-03,https://www.tedxbatonrouge.com,,,
TEDxFDIS Youth,Shanghai,,China,2025-04-03,https://www.tedxfdisyouth.com,,,
TEDxUofM,Ann Arbor,Michigan,United States,2025-04-03,https://www.tedxuofm.com,,,
TEDxUTulsa,Tulsa,Oklahoma,United States,2025-04-03,https://www.tedxutulsa.com,,,
TEDxYouth@TbilisiGreenSchool,Tbilisi,,Georgia,2025-04-03,https://www.tedxyouthtbilisigreenschool.com,,,
TEDxAnahuacUniversity,Naucalpan De Juarez,,Mexico,2025-04-04,https://www.tedxanahuacuniversity.com,,,
TEDxBrighton,Brighton and Hove,England,United Kingdom,2025-04-04,https://www.tedxbrighton.com,,,
TEDxEstoril,Estoril,,Portugal,2025-04-04,https://www.tedxestoril.com,,,
TEDxOCU,Oakland City,Indiana,United States,2025-04-04,https://www.tedxocu.com,,,
TEDxPanthéonSorbonne,Paris,,France,2025-04-04,https://www.tedxpanthonsorbonne.com,,,
TEDxSacredHeartSchoolsAtherton,Atherton,California,United States,2025-04-04,https://www.tedxsacredheartschoolsatherton.com,,,
TEDxSRMIST,Kattankulathur,,India,2025-04-04,https://www.tedxsrmist.com,,,
TEDxSUNYCortland,Cortland,New York,United States,2025-04-04,https://www.tedxsunycortland.com,,,
TEDxTASIS England Youth,Thorpe,England,United Kingdom,2025-04-04,https://www.tedxtasisenglandyouth.com,,,
TEDxFederal University Oye Ekiti,Oye,,Nigeria,2025-04-05,https://www.tedxfederaluniversityoyeekiti.com,,,
TEDxAscoliPiceno,Ascoli Piceno,,Italy,2025-04-05,https://www.tedxascolipiceno.com,,,
TEDxAvram Iancu Street,Cluj-Napoca,,Romania,2025-04-05,https://www.tedxavramiancustreet.com,,,
TEDxAyete,San Sebastian,,Spain,2025-04-05,https://www.tedxayete.com,,,
TEDxBU,Brookline,Massachussets,United States,2025-04-05,https://www.tedxbu.com,,,
TEDxCU,Boulder,Colorado,United States,2025-04-05,https://www.tedxcu.com,,,
TEDxFaurotPark,Lima,Ohio,United States,2025-04-05,https://www.tedxfaurotpark.com,,,
TEDxGrinnell College,Grinnell,Iowa,United States,2025-04-05,https://www.tedxgrinnellcollege.com,,,
TEDxISCAE Casablanca,Casablanca,,Morocco,2025-04-05,https://www.tedxiscaecasablanca.com,,,
TEDxLas Vegas Academy Youth,Las Vegas,Nevada,United States,2025-04-05,https://www.tedxlasvegasacademyyouth.com,,,
TEDxLasVegas,Las Vegas,Nevada,United States,2025-04-05,https://www.tedxlasvegas.com,,,
TEDxNormal,Normal,Illinois,United States,2025-04-05,https://www.tedxnormal.com,,,
TEDxOberlin College,Oberlin,Ohio,United States,2025-04-05,https://www.tedxoberlincollege.com,,,
TEDxPunta Carretas,Montevideo,,Uruguay,2025-04-05,https://www.tedxpuntacarretas.com,,,
TEDxSan Esteban,Saltillo,,Mexico,2025-04-05,https://www.tedxsanesteban.com,,,
TEDxSISC Youth,Las Pinas,,Phillipines,2025-04-05,https://www.tedxsiscyouth.com,,,
TEDxU O Pacific,Stockton,California,United States,2025-04-05,https://www.tedxuopacific.com,,,
TEDxUpanga Youth,Dar Es Salaam,,Tanzania,2025-04-05,https://www.tedxupangayouth.com,,,
TEDxUWCMaastricht,Masstricht,,Netherlands,2025-04-05,https://www.tedxuwcmaastricht.com,,,
TEDxWestmount Charter School,Calgary,,Canada,2025-04-05,https://www.tedxwestmountcharterschool.com,,,
TEDxWolverhampton,Wolverhampton,England,United Kingdom,2025-04-05,https://www.tedxwolverhampton.com,,,
TEDxEleusis,Elesfina,,Greece,2025-04-06,https://www.tedxeleusis.com,,,
TEDxVárzea Alegre,Várzea Alegre,,Brazil,2025-04-06,https://www.tedxvrzeaalegre.com,,,
TEDxBilkent U,Ankara,,Turkey,2025-04-09,https://www.tedxbilkentu.com,,,
TEDxBISHCMC Youth,Ho Chi Minh,,Vietnam,2025-04-09,https://www.tedxbishcmcyouth.com,,,
TEDxWilson Square,Tirana,,Albania,2025-04-09,https://www.tedxwilsonsquare.com,,,
TEDxLaval,Laval,,Canada,2025-04-10,https://www.tedxlaval.com,,,
TEDxSapienzaU,Rome,,Italy,2025-04-10,https://www.tedxsapienzau.com,,,
TEDxTecdeMtySanLuisPotosi,San Luis Potosi,,Mexico,2025-04-10,https://www.tedxtecdemtysanluispotosi.com,,,
TEDxUNCPembroke,Pembroke,North Carolina,United States,2025-04-10,https://www.tedxuncpembroke.com,,,
TEDxUNINA Federico II,Napoli,,Italy,2025-04-10,https://www.tedxuninafedericoii.com,,,
TEDxYouth@ASK,Hawally,,Kuwait,2025-04-10,https://www.tedxyouthask.com,,,
TEDxZHAW,Winterthur,,Switzerland,2025-04-10,https://www.tedxzhaw.com,,,
TEDxCFL Youth,Corlu,,Turkey,2025-04-11,https://www.tedxcflyouth.com,,,
TEDxNCState,Raleigh,North Carolina,United States,2025-04-11,https://www.tedxncstate.com,,,
TEDxPesaro,Pesaro,,Italy,2025-04-11,https://www.tedxpesaro.com,,,
TEDxQuantum STEM Youth,Astana,,Kazakstan,2025-04-11,https://www.tedxquantumstemyouth.com,,,
TEDxUAlberta,Alberta,,Canada,2025-04-11,https://www.tedxualberta.com,,,
TEDxUSD,Vermillion,South Dakota,United States,2025-04-11,https://www.tedxusd.com,,,
TEDxYouth@AKISGEMS,Dubai,,UAE,2025-04-11,https://www.tedxyouthakisgems.com,,,
TEDxBodhi International School,Jodphur,,India,2025-04-12,https://www.tedxbodhiinternationalschool.com,,,
TEDxESCA,Casablanca,,Morocco,2025-04-12,https://www.tedxesca.com,,,
TEDxFolsom High School Youth,Folsom,California,United States,2025-04-12,https://www.tedxfolsomhighschoolyouth.com,,,
TEDxJHU,Baltimore,Maryland,United States,2025-04-12,https://www.tedxjhu.com,,,
TEDxNIU,DeKalb,Illinois,United States,2025-04-12,https://www.tedxniu.com,,,
TEDxPraia do Forte,Mata de Sao Joao,,Brazil,2025-04-12,https://www.tedxpraiadoforte.com,,,
TEDxUniversidade de Coimbra,Coimbra,,Portugal,2025-04-12,https://www.tedxuniversidadedecoimbra.com,,,
TEDxYouth@TashkentIntlSchool,Tashkent,,Uzbekistan,2025-04-12,https://www.tedxyouthtashkentintlschool.com,,,
TEDxErsha Island Youth,,,China,2025-04-13,https://www.tedxershaislandyouth.com,,,
TEDxFermo,Fermo,,Italy,2025-04-13,https://www.tedxfermo.com,,,
TEDxManteca,Manteca,California,United States,2025-04-13,https://www.tedxmanteca.com,,,
TEDxUCDavis,Davis,California,United States,2025-04-13,https://www.tedxucdavis.com,,,
TEDxYouth@DAA,Dubai,,UAE,2025-04-14,https://www.tedxyouthdaa.com,,,
TEDxMaringáStudio,Maringa,,Brazil,2025-04-15,https://www.tedxmaringstudio.com,,,
TEDxUniMontemorelos,Montemorelos,,Mexico,2025-04-15,https://www.tedxunimontemorelos.com,,,
TEDxBellsTech,Ota,,Nigeria,2025-04-16,https://www.tedxbellstech.com,,,
TEDxFaisalabad Medical University,Faisalabad,,Pakistan,2025-04-16,https://www.tedxfaisalabadmedicaluniversity.com,,,
TEDxKU,Lawrence,Kansas,United States,2025-04-16,https://www.tedxku.com,,,
TEDxSaintAndrewsSchool,Boca Raton,Florida,United States,2025-04-17,https://www.tedxsaintandrewsschool.com,,,
TEDxLayton,Layton,Utah,United States,2025-04-18,https://www.tedxlayton.com,,,
TEDxBahcesehir University,Besiktas,,Turkey,2025-04-19,https://www.tedxbahcesehiruniversity.com,,,
TEDxBrisbane,Brisbane,,Australia,2025-04-19,https://www.tedxbrisbane.com,,,
TEDxGD Goenka Gurugram Youth,Gurugram,,India,2025-04-19,https://www.tedxgdgoenkagurugramyouth.com,,,
TEDxLewis Palmer HS Youth,Monument,Colorado,United States,2025-04-19,https://www.tedxlewispalmerhsyouth.com,,,
TEDxMEU,Ammam,,Jordan,2025-04-19,https://www.tedxmeu.com,,,
TEDxMountRubidoux,Riverside,California,United States,2025-04-19,https://www.tedxmountrubidoux.com,,,
TEDxPodgorica,Podgorica,,Montenegro,2025-04-19,https://www.tedxpodgorica.com,,,
TEDxYouth@FMVErenköyI??k,Erenkoy,,Turkey,2025-04-19,https://www.tedxyouthfmverenkyik.com,,,
TEDxAPU,Beppu,,Japan,2025-04-20,https://www.tedxapu.com,,,
TEDxBotucatu,Botucatu,,Brazil,2025-04-20,https://www.tedxbotucatu.com,,,
TEDxDavangere,Davangere,,India,2025-04-20,https://www.tedxdavangere.com,,,
TEDxGingko College,Chengdhu,,China,2025-04-20,https://www.tedxgingkocollege.com,,,
TEDxOkayama University,Okayama,,Japan,2025-04-20,https://www.tedxokayamauniversity.com,,,
TEDxPVAMU,Prairie View,Texas,United States,2025-04-22,https://www.tedxpvamu.com,,,
TEDxYouth@LPCI,Toronto,,Canada,2025-04-23,https://www.tedxyouthlpci.com,,,
TEDxAnkara,Ankara,,Turkey,2025-04-24,https://www.tedxankara.com,,,
TEDxVUAmsterdam,Amsterdam,,Netherlands,2025-04-24,https://www.tedxvuamsterdam.com,,,
TEDxNewarkAcademy,Livingston,New Jersey,United States,2025-04-25,https://www.tedxnewarkacademy.com,,,
TEDxAlBujairi,Riyadh,,Saudi Arabia,2025-04-26,https://www.tedxalbujairi.com,,,
TEDxCentreville Chicopee Youth,Kitchener,,Canada,2025-04-26,https://www.tedxcentrevillechicopeeyouth.com,,,
TEDxCuiabá,Cuiabá,,Brazil,2025-04-26,https://www.tedxcuiab.com,,,
TEDxEroilorWomen,Cluj-Napoca,,Romania,2025-04-26,https://www.tedxeroilorwomen.com,,,
TEDxFoggyBottom,Washington,DC,United States,2025-04-26,https://www.tedxfoggybottom.com,,,
TEDxGainesville,Gainesville,Florida,United States,2025-04-26,https://www.tedxgainesville.com,,,
TEDxGelisim College Youth,Izmir,,Turkey,2025-04-26,https://www.tedxgelisimcollegeyouth.com,,,
TEDxGEMS OIS Youth,,,UAE,2025-04-26,https://www.tedxgemsoisyouth.com,,,
TEDxGündo?duKoleji,Seyhan,,Turkey,2025-04-26,https://www.tedxgndodukoleji.com,,,
TEDxHarvard Square,Cambridge,Massachussets,United States,2025-04-26,https://www.tedxharvardsquare.com,,,
TEDxLaBaule,La Baule Escoublac,,France,2025-04-26,https://www.tedxlabaule.com,,,
TEDxLondonBusinessSchool,London,England,United Kingdom,2025-04-26,https://www.tedxlondonbusinessschool.com,,,
TEDxMission,Mission,,Canada,2025-04-26,https://www.tedxmission.com,,,
TEDxORU,Tulsa,Oklahoma,United States,2025-04-26,https://www.tedxoru.com,,,
TEDxPortland,Portland,Oregon,United States,2025-04-26,https://www.tedxportland.com,,,
TEDxSIUC,Carbondale,Illinois,United States,2025-04-26,https://www.tedxsiuc.com,,,
TEDxStockholm,Stockholm,,Sweden,2025-04-26,https://www.tedxstockholm.com,,,
TEDxThe College of The Florida Keys,Naval Air Station Key West,Florida,United States,2025-04-26,https://www.tedxthecollegeofthefloridakeys.com,,,
TEDxWilmette,Willmette,Illinois,United States,2025-04-26,https://www.tedxwilmette.com,,,
TEDxWilmington,Wilmington,Delaware,United States,2025-04-26,https://www.tedxwilmington.com,,,
TEDxWrzeszcz,Gdansk,,Poland,2025-04-26,https://www.tedxwrzeszcz.com,,,
TEDxBucknellUniversity,Lewisburg,Pennsylvania,United States,2025-04-27,https://www.tedxbucknelluniversity.com,,,
TEDxZZJC,Shaoxing,,China,2025-04-28,https://www.tedxzzjc.com,,,
TEDxYouth@SantiagoSTEAM,Lake Forest,California,United States,2025-04-29,https://www.tedxyouthsantiagosteam.com,,,
TEDxMountainAve,Fort Collins,Colorado,United States,2025-04-30,https://www.tedxmountainave.com,,,
TEDxSIFC Youth,Shenzhen,,China,2025-04-30,https://www.tedxsifcyouth.com,,,
TEDxBarriosAltosED,Lima,,Peru,2025-05-01,https://www.tedxbarriosaltosed.com,,,
TEDxBuin,Buin,,Chile,2025-05-02,https://www.tedxbuin.com,,,
TEDxCIS Guangzhou Youth,Guangzhou,,China,2025-05-02,https://www.tedxcisguangzhouyouth.com,,,
TEDxClinton Central School,Clinton,New York,United States,2025-05-02,https://www.tedxclintoncentralschool.com,,,
TEDxPUCP,San Migel,,Peri,2025-05-02,https://www.tedxpucp.com,,,
TEDxRiverfield Country Day School,Tulsa,Oklahoma,United States,2025-05-02,https://www.tedxriverfieldcountrydayschool.com,,,
TEDxRRU,Victoria,,Canada,2025-05-02,https://www.tedxrru.com,,,
TEDxAIS Ajaltoun Youth,Ajaltoun,,Lebanon,2025-05-03,https://www.tedxaisajaltounyouth.com,,,
TEDxAlabaster,Alabaster,Alabama,United States,2025-05-03,https://www.tedxalabaster.com,,,
TEDxBrevard,Brevard,North Carolina,United States,2025-05-03,https://www.tedxbrevard.com,,,
TEDxHamilton Park,Jersey City,New Jersey,United States,2025-05-03,https://www.tedxhamiltonpark.com,,,
TEDxHarmony Science Academy Dallas High,Dallas,Texas,United States,2025-05-03,https://www.tedxharmonyscienceacademydallashigh.com,,,
TEDxOshawa,Oshawa,,Canada,2025-05-03,https://www.tedxoshawa.com,,,
TEDxSJSU,San Jose,California,United States,2025-05-03,https://www.tedxsjsu.com,,,
TEDxTurcianskeTeplice,Turcianske Teplice,,Slovakia,2025-05-03,https://www.tedxturciansketeplice.com,,,
TEDxButler,Butler,Pennsylvania,United States,2025-05-04,https://www.tedxbutler.com,,,
TEDxUNDIP,Semarang,,Indonesia,2025-05-04,https://www.tedxundip.com,,,
TEDxBAU,As-Salt,,Jordan,2025-05-05,https://www.tedxbau.com,,,
TEDxKampus Koleji Ankara Youth,Ankara,,Turkey,2025-05-05,https://www.tedxkampuskolejiankarayouth.com,,,
TEDxTaiz Studio,Taiz,,Yemen,2025-05-05,https://www.tedxtaizstudio.com,,,
TEDxChouaibDoukkaliU,El Jadida,,Morocco,2025-05-06,https://www.tedxchouaibdoukkaliu.com,,,
TEDxHokkaidoU,Sapporo,,Japan,2025-05-06,https://www.tedxhokkaidou.com,,,
TEDxBerlin,Berlin,,Germany,2025-05-08,https://www.tedxberlin.com,,,
TEDxJuana Koslay,San Luis,,Argentina,2025-05-08,https://www.tedxjuanakoslay.com,,,
TEDxAISB Youth,Budapest,,Hungary,2025-05-09,https://www.tedxaisbyouth.com,,,
TEDxAnchorage,Anchorage,Alaska,United States,2025-05-09,https://www.tedxanchorage.com,,,
TEDxCadizUniversity,Jerez de la Frontera,,Spain,2025-05-09,https://www.tedxcadizuniversity.com,,,
TEDxLANNA Intl School Youth,Ban Waen,,Thailand,2025-05-09,https://www.tedxlannaintlschoolyouth.com,,,
TEDxPortsmouth,Portsmouth,New Hampshire,United States,2025-05-09,https://www.tedxportsmouth.com,,,
TEDxSt Helier,Saint Helier,,Jersey,2025-05-09,https://www.tedxsthelier.com,,,
TEDxWinchester,Winchester,England,United Kingdom,2025-05-09,https://www.tedxwinchester.com,,,
TEDxBVRIT Hyderabad,Hyderabad,,India,2025-05-10,https://www.tedxbvrithyderabad.com,,,
TEDxIbmec,Rio de Janeiro,,Brazil,2025-05-10,https://www.tedxibmec.com,,,
TEDxPordenone,Pordenone,,Italy,2025-05-10,https://www.tedxpordenone.com,,,
TEDxPortoPí,Palma,,Spain,2025-05-10,https://www.tedxportop.com,,,
TEDxSugar Creek Women,Charlotte,North Carolina,United States,2025-05-10,https://www.tedxsugarcreekwomen.com,,,
TEDxUniversitasIndonesia,Depok,,Indonesia,2025-05-10,https://www.tedxuniversitasindonesia.com,,,
TEDxVitoriaGasteiz,Vitoria-Gasteiz,,Spain,2025-05-10,https://www.tedxvitoriagasteiz.com,,,
TEDxYouth@WalterMurrayCollegiate,Saskatoon,,Canada,2025-05-10,https://www.tedxyouthwaltermurraycollegiate.com,,,
TEDxSan Vitale,Bologna,,Italy,2025-05-11,https://www.tedxsanvitale.com,,,
TEDxLake Como Youth,Como,,Italy,2025-05-12,https://www.tedxlakecomoyouth.com,,,
TEDxSt Josephs School,Abu Dhabi,,UAE,2025-05-12,https://www.tedxstjosephsschool.com,,,
TEDxCabarete,Cabarete,,Dominican Republic,2025-05-13,https://www.tedxcabarete.com,,,
TEDxCarnageMagnetMiddle,Raleigh,North Carolina,United States,2025-05-13,https://www.tedxcarnagemagnetmiddle.com,,,
TEDxUC Irvine,Irvine,California,Unites States,2025-05-13,https://www.tedxucirvine.com,,,
TEDxDelrayBeachSalon,Delray Beach,Florida,United States,2025-05-15,https://www.tedxdelraybeachsalon.com,,,
TEDxLuong The Vinh Youth,Bien Hoa,,Vietnam,2025-05-15,https://www.tedxluongthevinhyouth.com,,,
TEDxYouth@DoverSherbornHighSchool,Dover,Massachussets,United States,2025-05-15,https://www.tedxyouthdoversherbornhighschool.com,,,
TEDxRMIT Melbourne City,Melbourne,,Australia,2025-05-16,https://www.tedxrmitmelbournecity.com,,,
TEDxSavannah,Savannah,Georgia,United States,2025-05-16,https://www.tedxsavannah.com,,,
TEDxAngondjé,Libreville,,Gabon,2025-05-17,https://www.tedxangondj.com,,,
TEDxBrown County Schools,Nashville,Tennessee,United States,2025-05-17,https://www.tedxbrowncountyschools.com,,,
TEDxHCCS Youth,Brooklyn,New York,United States,2025-05-17,https://www.tedxhccsyouth.com,,,
TEDxJardines de Pereda,Santander,,Spain,2025-05-17,https://www.tedxjardinesdepereda.com,,,
TEDxNewark,Newark,New Jersey,United States,2025-05-17,https://www.tedxnewark.com,,,
TEDxPadova,Padova,,Italy,2025-05-17,https://www.tedxpadova.com,,,
TEDxPatras,Patras,,Greece,2025-05-17,https://www.tedxpatras.com,,,
TEDxRegina,Regina,,Canada,2025-05-17,https://www.tedxregina.com,,,
TEDxSarajevo,Sarajevo,,Bosnia and Herzegovina,2025-05-17,https://www.tedxsarajevo.com,,,
TEDxTractorul,Brasov,,Romania,2025-05-17,https://www.tedxtractorul.com,,,
TEDxValencia,Valencia,,Spain,2025-05-17,https://www.tedxvalencia.com,,,
TEDxNokesville Women,Nokesville,Virgina,United States,2025-05-18,https://www.tedxnokesvillewomen.com,,,
TEDxBrno,Brno,,Czech Republic,2025-05-20,https://www.tedxbrno.com,,,
TEDxYouth@LCJSMS,Summit,New Jersey,United States,2025-05-21,https://www.tedxyouthlcjsms.com,,,
TEDxPadjadjaran University,Sumedang,,Indonesia,2025-07-05,https://www.tedxpadjadjaranuniversity.com,,,
TEDxCaorle,Caorle,,Italy,2025-07-05,https://www.tedxcaorle.com,,,
TEDxAscoliPiceno,Ascoli Piceno,,Italy,2025-07-05,https://www.tedxascolipiceno.com,,,
TEDxHeriot Watt University,Edinburgh,Scotland,United Kingdom,2025-07-05,https://www.tedxheriotwattuniversity.com,,,
TEDxWassakara,Abidjan,,Cote d'Ivoire,2025-07-05,https://www.tedxwassakara.com,,,
TEDxBeckenham,Beckenham,England,United Kingdom,2025-07-05,https://www.tedxbeckenham.com,,,
TEDx?skele,Ipekyolu,,Turkey,2025-07-06,https://www.tedxskele.com,,,
TEDxStormont,Stormont,,Ireland,2025-07-06,https://www.tedxstormont.com,,,
TEDxActon Youth,Acton,Massachusetts,United States,2025-07-06,https://www.tedxactonyouth.com,,,
TEDxASPU,Amman,,Jordan,2025-07-07,https://www.tedxaspu.com,,,
TEDxTKH Universities,New Administrative Capital,,Egypt,2026-07-07,https://www.tedxtkhuniversities.com,,,
TEDxSongze Ave Salon,Shanghai,,China,2025-07-09,https://www.tedxsongzeavesalon.com,,,
TEDxWestfordUniSharjah,Dubai,,UAE,2025-07-10,https://www.tedxwestfordunisharjah.com,,,
TEDxAsmayee,Kabol,,Afghanistan,2025-07-10,https://www.tedxasmayee.com,,,
TEDxKirkuk,Kirkuk,,Iraq,2025-07-10,https://www.tedxkirkuk.com,,,
TEDxNeshatStreet,Shiraz,,Iran,2025-07-11,https://www.tedxneshatstreet.com,,,
TEDxQuito,Quito,,Ecuador,2025-07-11,https://www.tedxquito.com,,,
TEDxBSU Lyceum Youth,Minks,,Belarus,2025-07-11,https://www.tedxbsulyceumyouth.com,,,
TEDxAIET,Mudbidri,,India,2025-07-11,https://www.tedxaiet.com,,,
TEDxSãoJoséDosCampos,Sao Jose dos Campos,,Brazil,2025-07-12,https://www.tedxsojosdoscampos.com,,,
TEDxMorelia,Morelia,,Mexico,2025-07-12,https://www.tedxmorelia.com,,,
TEDxBeaconhouse JTC Youth,Lahore,,Pakistan,2025-07-12,https://www.tedxbeaconhousejtcyouth.com,,,
TEDxNecochea,Necochea,,Argentina,2025-07-12,https://www.tedxnecochea.com,,,
TEDxNagoyaU Salon,Nagoya,,Japan,2025-07-12,https://www.tedxnagoyausalon.com,,,
TEDxPeacePublicSchoolKottakkal,Malappuram,,India,2025-07-12,https://www.tedxpeacepublicschoolkottakkal.com,,,
TEDxQuito,Quito,,Ecuador,2025-07-12,https://www.tedxquito.com,,,
TEDxSNIST,Hyderabad,,India,2025-07-12,https://www.tedxsnist.com,,,
TEDxMorelia,Morelia,,Mexico,2025-07-12,https://www.tedxmorelia.com,,,
TEDxChengdu,Chengdu,,China,2025-07-12,https://www.tedxchengdu.com,,,
TEDxLach Tray,Haiphong,,Vietnam,2025-07-12,https://www.tedxlachtray.com,,,
TEDxAddison Women,Addison,Texas,United States,2025-07-12,https://www.tedxaddisonwomen.com,,,
TEDxTan Hiep Youth,Thanh Pho Bien Hoa,,Vietnam,2025-07-12,https://www.tedxtanhiepyouth.com,,,
TEDxEsquel,Esquel,,Argentina,2025-07-13,https://www.tedxesquel.com,,,
TEDxFielding Graduate University,Washington,District of Columbia,United States,2025-07-14,https://www.tedxfieldinggraduateuniversity.com,,,
TEDxYouth@JLHS,Yang Zhou Shi,,China,2025-07-15,https://www.tedxyouthjlhs.com,,,
TEDxCanakkale,Canakkale,,Turkey,2025-07-15,https://www.tedxcanakkale.com,,,
TEDxVGS Youth,Delhi,,India,2025-07-15,https://www.tedxvgsyouth.com,,,
TEDxCapeMaySalon,Middle Township,New Jersey,Unites States,2025-07-15,https://www.tedxcapemaysalon.com,,,
TEDxESI,Algiers,,Algeria,2025-07-15,https://www.tedxesi.com,,,
TEDxBenha NU,Al Obour,,Egypt,2025-07-15,https://www.tedxbenhanu.com,,,
TEDxThornlea Secondary School,Markham,,Canada,2025-07-16,https://www.tedxthornleasecondaryschool.com,,,
TEDxIUVYC Youth,San Jorge Pueblo Nuevo,,Mexico,2025-07-16,https://www.tedxiuvycyouth.com,,,
TEDxUni Anchieta,Jundiai,,Brazil,2025-07-17,https://www.tedxunianchieta.com,,,
TEDxSheridan College HMC,Missauga,,Canada,2025-07-18,https://www.tedxsheridancollegehmc.com,,,
TEDxGEMSInternationalSchool,Gurugram,,India,2025-07-19,https://www.tedxgemsinternationalschool.com,,,
TEDxThe NGP School Coimbatore,Coimbatore,,India,2025-07-19,https://www.tedxthengpschoolcoimbatore.com,,,
TEDxMoulsari Avenue,Gurgaon,,India,2025-07-19,https://www.tedxmoulsariavenue.com,,,
TEDxAl Muna,Muscat,,Oman,2025-07-19,https://www.tedxalmuna.com,,,
TEDxPiazzola sul Brenta,Piazzola sul Brenta,,Italy,2025-07-19,https://www.tedxpiazzolasulbrenta.com,,,
TEDxKanwuri,Gusau,,Nigeria,2025-07-19,https://www.tedxkanwuri.com,,,
TEDxNishtiman,Erbil,,Iraq,2025-07-19,https://www.tedxnishtiman.com,,,
TEDxCairoUniversity,Cairo,,Egypt,2025-07-19,https://www.tedxcairouniversity.com,,,
TEDxPune,Pune,,India,2025-07-19,https://www.tedxpune.com,,,
TEDxChiang Rai,Chiang Rai,,Thailand,2025-07-19,https://www.tedxchiangrai.com,,,
TEDxYarmouk University,Irbid,,Jordan,2025-07-19,https://www.tedxyarmoukuniversity.com,,,
TEDxIasi,Iasi,,Romania,2025-07-19,https://www.tedxiasi.com,,,
TEDxKanwuri,Gusau,,Nigeria,2025-07-19,https://www.tedxkanwuri.com,,,
TEDxPennon Qingdao Youth,Qingdao,,China,2025-07-20,https://www.tedxpennonqingdaoyouth.com,,,
TEDxAko Dhong Youth,Buon Ma Thuot,,Vietnam,2025-07-20,https://www.tedxakodhongyouth.com,,,
TEDxJagannath University,Dhaka,,Bangladesh,2025-07-20,https://www.tedxjagannathuniversity.com,,,
TEDxEagle Youth,Boise,Idaho,United States,2025-07-20,https://www.tedxeagleyouth.com,,,
TEDxBudapest Salon,Budapest,,Hungary,2025-07-22,https://www.tedxbudapestsalon.com,,,
TEDxSaoPaulo,Sao Paulo,,Brazil,2025-07-23,https://www.tedxsaopaulo.com,,,
TEDxFargo,Fargo,Illinios,United States,2025-07-23,https://www.tedxfargo.com,,,
TEDxPort Saint Lucie,Port St Lucie,Florida,United States,2025-07-24,https://www.tedxportsaintlucie.com,,,
TEDxLargo,Largo,Maryland,United States,2025-07-24,https://www.tedxlargo.com,,,
TEDxNeftchilar Ave,Baku,,Azerbaijian,2025-07-24,https://www.tedxneftchilarave.com,,,
TEDxNelsonMandelaUniversity Salon,Gqeberha,,South Africa,2025-07-25,https://www.tedxnelsonmandelauniversitysalon.com,,,
TEDxBarnhill Drive,Indianapolis,Indiana,United States,2025-07-25,https://www.tedxbarnhilldrive.com,,,
TEDxPlaza Francia Women,Buenos Aires,,Argentina,2025-07-25,https://www.tedxplazafranciawomen.com,,,
TEDxHarvard Square Salon,Sommerville,Massachussets,United States,2025-07-25,https://www.tedxharvardsquaresalon.com,,,
TEDxSIU Hyderabad,Shadnagar,,India,2025-07-26,https://www.tedxsiuhyderabad.com,,,
TEDxRSET,Kakkanad,,India,2025-07-26,https://www.tedxrset.com,,,
TEDxAngwan Rukuba,Jos,,Nigeria,2025-07-26,https://www.tedxangwanrukuba.com,,,
TEDxUniversity of Algiers,Ouled Fayet,,Algeria,2025-07-26,https://www.tedxuniversityofalgiers.com,,,
TEDxYouth@Usaquén,Bogota,,Colombia,2025-07-26,https://www.tedxyouthusaqun.com,,,
TEDxNowon Youth,Nowon,,South Korea,2025-07-26,https://www.tedxnowonyouth.com,,,
TEDxJells Park Youth,Melbourne,,Australia,2025-07-26,https://www.tedxjellsparkyouth.com,,,
TEDxMaitama,Abuja,,Nigeria,2025-07-26,https://www.tedxmaitama.com,,,
TEDxElliots Beach,Chennai,,India,2025-07-26,https://www.tedxelliotsbeach.com,,,
TEDxSIBM Nagpur,Nagpur,,India,2025-07-26,https://www.tedxsibmnagpur.com,,,
TEDxOrange Mound,Memphis,Tennessee,United States,2025-07-26,https://www.tedxorangemound.com,,,
TEDxABBS,Bengaluru,,India,2025-07-26,https://www.tedxabbs.com,,,
TEDxTanke,Ilorin,,Nigeria,2025-07-26,https://www.tedxtanke.com,,,
TEDxDWPS Ludhiana Youth,Harnampura,,India,2025-07-26,https://www.tedxdwpsludhianayouth.com,,,
TEDxTaichung,Taichung,,Taiwan,2025-07-27,https://www.tedxtaichung.com,,,
TEDxReno,Reno,Nevada,United States,2025-07-27,https://www.tedxreno.com,,,
TEDxCICESCT,San Pedro Sula,,Honduras,2025-07-30,https://www.tedxcicesct.com,,,
TEDxKnoxville,Knoxville,Tennessee,United States,2025-07-30,https://www.tedxknoxville.com,,,
TEDxMillennium Language School,Maadi,,Egypt,2025-07-31,https://www.tedxmillenniumlanguageschool.com,,,
TEDxSanjivani University,Kopargaon,,Indai,2025-07-31,https://www.tedxsanjivaniuniversity.com,,,
TEDxUPDS Tarija,Tarija,,Bolivia,2025-07-31,https://www.tedxupdstarija.com,,,
TEDxNewHaven,New Haven,Conneticut,United States,2025-08-01,https://www.tedxnewhaven.com,,,
TEDxPondicherry University,Kalapet,,India,2025-08-01,https://www.tedxpondicherryuniversity.com,,,
TEDxMRIIRS,Faridabad,,India,2025-08-01,https://www.tedxmriirs.com,,,
TEDxFort Garry,Winnipeg,,Canada,2025-08-01,https://www.tedxfortgarry.com,,,
TEDxGGI,Ludhiana,,India,2025-08-01,https://www.tedxggi.com,,,
TEDxAmity University Kolkata,New Town,,India,2025-08-01,https://www.tedxamityuniversitykolkata.com,,,
TEDxKunskapsskolan Gurgaon Youth,Gurugram,,India,2025-08-01,https://www.tedxkunskapsskolangurgaonyouth.com,,,
TEDxKCMT,Changanassery,,India,2025-08-02,https://www.tedxkcmt.com,,,
TEDxSamaru,Samaru,,Nigeria,2025-08-02,https://www.tedxsamaru.com,,,
TEDxUSFX,Sucre,,Bolivia,2025-08-02,https://www.tedxusfx.com,,,
TEDxRed Sea STEM School,Giza,,Egypt,2025-08-02,https://www.tedxredseastemschool.com,,,
TEDxGuanghuali,Beijjing,,China,2025-08-02,https://www.tedxguanghuali.com,,,
TEDxKMUTT,Bangkok,,Thailand,2025-08-02,https://www.tedxkmutt.com,,,
TEDxDhanmondi,Dhaka,,Bangladesh,2025-08-02,https://www.tedxdhanmondi.com,,,
TEDxLakeShoreDrive,Chicago,Illinois,United States,2025-08-02,https://www.tedxlakeshoredrive.com,,,
TEDxSGNS Youth,Delhi,,India,2025-08-02,https://www.tedxsgnsyouth.com,,,
TEDxSeremban,Seremban,,Malaysia,2025-08-02,https://www.tedxseremban.com,,,
TEDxCamacho Youth,La Molina,,Peru,2025-08-02,https://www.tedxcamachoyouth.com,,,
TEDxNowon Youth,Nowon,,South Korea,2025-08-02,https://www.tedxnowonyouth.com,,,
TEDxBocconiUMumbai,Mumbai,,India,2025-08-03,https://www.tedxbocconiumumbai.com,,,
TEDxCulpeper Women,Culpeper,Virginia,United States,2025-08-03,https://www.tedxculpeperwomen.com,,,
TEDxYouth@AUS,Nashik,,India,2025-08-03,https://www.tedxyouthaus.com,,,
TEDxSTEM Oct 11th District HS,6th of October City,,Egypt,2025-08-04,https://www.tedxstemoct11thdistricths.com,,,
TEDxSan Diego Salon,San Diego,California,United States,2025-08-05,https://www.tedxsandiegosalon.com,,,
TEDxSDPS Intl School Youth,Indore,,India,2025-08-05,https://www.tedxsdpsintlschoolyouth.com,,,
TEDxRancho Mirage,Rancho Mirage,California,United States,2025-08-05,https://www.tedxranchomirage.com,,,
TEDxKCT,Coimbatore,,India,2025-08-06,https://www.tedxkct.com,,,
TEDxBudapest,Budapest,,Hungary,2025-08-06,https://www.tedxbudapest.com,,,
TEDxDeltaUniversity,Gamasa,,Egypt,2025-08-06,https://www.tedxdeltauniversity.com,,,
TEDxVIPS,Delhi,,India,2025-08-07,https://www.tedxvips.com,,,
TEDxYarmouk University,Irbid,,Jordan,2025-08-07,https://www.tedxyarmoukuniversity.com,,,
TEDxAir Force GJI Youth,New Delhi,,India,2025-08-08,https://www.tedxairforcegjiyouth.com,,,
TEDxRiara University,Nairobi,,Kenya,2025-08-08,https://www.tedxriarauniversity.com,,,
TEDxYorkU,Toronto,,Canada,2025-08-08,https://www.tedxyorku.com,,,
TEDxKhilda,Amman,,Jordan,2025-08-08,https://www.tedxkhilda.com,,,
TEDxArada,Addis Ababa,,Ethiopia,2026-08-08,https://www.tedxarada.com,,,
TEDxShenShuiWan Youth,Shenyang,,China,2025-08-08,https://www.tedxshenshuiwanyouth.com,,,
TEDxUNS,Surakarta,,Indonesia,2025-08-09,https://www.tedxuns.com,,,
TEDxKarary,Omdurman,,Sudan,2025-08-09,https://www.tedxkarary.com,,,
TEDxToluca,Toluca de Lerdo,,Mexico,2025-08-09,https://www.tedxtoluca.com,,,
TEDxInglewood,Inglewood,California,United States,2025-08-09,https://www.tedxinglewood.com,,,
TEDxSete Lagoas,Sete Lagoas,,Brazil,2025-08-09,https://www.tedxsetelagoas.com,,,
TEDxAbeokuta,Abeokuta,,Nigeria,2025-08-09,https://www.tedxabeokuta.com,,,
TEDxIlupeju,Lagos,,Nigeria,2025-08-09,https://www.tedxilupeju.com,,,
TEDxFestac Town,Lagos,,Nigeria,2025-08-09,https://www.tedxfestactown.com,,,
TEDxGreenfield,Faridabad,,India,2025-08-10,https://www.tedxgreenfield.com,,,
TEDxNapier Bridge,Chennai,,India,2025-08-10,https://www.tedxnapierbridge.com,,,
TEDxGreat Intl School,Teresina,,Brazil,2025-08-11,https://www.tedxgreatintlschool.com,,,
TEDxMilton Keynes Youth,Bletchley,England,United Kingdom,2025-08-12,https://www.tedxmiltonkeynesyouth.com,,,
TEDxMinneapolis,Minneapolis,Minnestora,United States,2025-08-13,https://www.tedxminneapolis.com,,,
TEDxAmrita University Amritapuri,Vallikavu,,India,2025-08-13,https://www.tedxamritauniversityamritapuri.com,,,
TEDxLogan Circle,Washington,DC,United States,2025-08-14,https://www.tedxlogancircle.com,,,
TEDxWE Zayed Youth,El Sheikh Zayed City,,Egypt,2025-08-14,https://www.tedxwezayedyouth.com,,,
TEDxAnggerek Desa Youth,Bandar Seri Begawan,,Brunei Darussalam,2025-08-14,https://www.tedxanggerekdesayouth.com,,,
TEDxUniversity of Peshawar,Peshawar,,Pakistan,2025-08-14,https://www.tedxuniversityofpeshawar.com,,,
TEDxHBTU,Kanpur,,India,2025-08-14,https://www.tedxhbtu.com,,,
TEDxSIBM Nagpur,Nagpur,,India,2025-08-14,https://www.tedxsibmnagpur.com,,,
TEDxAlabaster,Alabaster,Alabama,United States,2025-08-15,https://www.tedxalabaster.com,,,
TEDxAS Taichung Youth,Taichung City,,Taiwan,2025-08-15,https://www.tedxastaichungyouth.com,,,
TEDxAnchorage,Anchorage,Alaska,United States,2025-08-15,https://www.tedxanchorage.com,,,
TEDxCharles Darwin University,Darwin City,,Australia,2025-08-15,https://www.tedxcharlesdarwinuniversity.com,,,
TEDxNguyen Sieu High School,Hanoi,,Vietnam,2025-08-15,https://www.tedxnguyensieuhighschool.com,,,
TEDxYouth@RJM,Chinna Vallikulam,,India,2025-08-16,https://www.tedxyouthrjm.com,,,
TEDxMJCET,Hyderabad,,India,2025-08-16,https://www.tedxmjcet.com,,,
TEDxPhilomath University,Kuje,,Nigeria,2025-08-16,https://www.tedxphilomathuniversity.com,,,
TEDxFolsom,Folsom,California,United States,2025-08-16,https://www.tedxfolsom.com,,,
TEDxAlmansorPark,Monterey Park,California,United States,2025-08-16,https://www.tedxalmansorpark.com,,,
TEDxRaleigh,Raleigh,North Carolina,United States,2025-08-16,https://www.tedxraleigh.com,,,
TEDxChengdu Studio,Chengdu,,China,2025-08-16,https://www.tedxchengdustudio.com,,,
TEDxMfantsipim School,Cape Coast,,Ghana,2025-08-16,https://www.tedxmfantsipimschool.com,,,
TEDxToluca,Toluca de Lerdo,,Mexico,2025-08-16,https://www.tedxtoluca.com,,,
TEDxJacareí Salon,Jacarei,,Brazil,2025-08-16,https://www.tedxjacaresalon.com,,,
TEDxSanremo,Sanremo,,Italy,2025-08-16,https://www.tedxsanremo.com,,,
TEDxDejima,Nagasaki,,Japan,2025-08-16,https://www.tedxdejima.com,,,
TEDxNPSIS Singapore Youth,Singapore,,Singapore,2025-08-16,https://www.tedxnpsissingaporeyouth.com,,,
TEDxMUBC Youth,Dhaka,,Bangladesh,2025-08-16,https://www.tedxmubcyouth.com,,,
TEDxSt Agnes College,Mangaluru,,India,2025-08-16,https://www.tedxstagnescollege.com,,,
TEDxQalat St,Erbil,,Iraq,2025-08-16,https://www.tedxqalatst.com,,,
TEDxSeasonsStreet,Pune,,India,2025-08-17,https://www.tedxseasonsstreet.com,,,
TEDxASM Kochi,Ernakulam,,India,2025-08-17,https://www.tedxasmkochi.com,,,
TEDxATLAS University,Mumbai,,India,2025-08-20,https://www.tedxatlasuniversity.com,,,
TEDxTabanan,Tabanan,,Indonesia,2025-08-21,https://www.tedxtabanan.com,,,
TEDxUniversidad EAFIT,Medellin,,Colombia,2025-08-21,https://www.tedxuniversidadeafit.com,,,
TEDxCapeMaySalon,Cape May,New Jersey,United States,2025-08-21,https://www.tedxcapemaysalon.com,,,
TEDxUniversityofCapeCoast,Cape Coast,,Ghana,2025-08-22,https://www.tedxuniversityofcapecoast.com,,,
TEDxCortina,Cortina d'Ampezzo,,Italy,2025-08-22,https://www.tedxcortina.com,,,
TEDxMoulsari Avenue,Gurgaon,,India,2025-08-22,https://www.tedxmoulsariavenue.com,,,
TEDxWichita,Wichita,Kansas,United States,2025-08-22,https://www.tedxwichita.com,,,
TEDxEnugu,Enugu,,Nigeria,2025-08-23,https://www.tedxenugu.com,,,
TEDxUniversity of Algiers,Bab Ezzouar,,Algeria,2025-08-23,https://www.tedxuniversityofalgiers.com,,,
TEDxUNIFAA Women,Valencia,,Brazil,2025-08-23,https://www.tedxunifaawomen.com,,,
TEDxThe College of The Florida Keys,Key West,Florida,United States,2025-08-23,https://www.tedxthecollegeofthefloridakeys.com,,,
TEDxParnaíba Women,Parnaiba PI,,Brazil,2025-08-23,https://www.tedxparnabawomen.com,,,
TEDxSydenham College,Mumbai,,India,2025-08-23,https://www.tedxsydenhamcollege.com,,,
TEDxIIIT Bhubaneswar,Bhubaneswar,,India,2025-08-23,https://www.tedxiiitbhubaneswar.com,,,
TEDxJuazeiro do Norte,Juazeiro do Norte,,Brazil,2025-08-23,https://www.tedxjuazeirodonorte.com,,,
TEDxMarksville Women,Marksville,Louisiana,United States,2025-08-23,https://www.tedxmarksvillewomen.com,,,
TEDxEscola Parque Youth,Rio de Janeiro,,Brazil,2025-08-23,https://www.tedxescolaparqueyouth.com,,,
TEDxSVIET,Rajpura,,India,2025-08-23,https://www.tedxsviet.com,,,
TEDxGNDEC,Ludhiana,,India,2025-08-23,https://www.tedxgndec.com,,,
TEDxLINTAC Youth,Santiago,,Chile,2025-08-23,https://www.tedxlintacyouth.com,,,
TEDxCherryCreekHS,Parker,Colorado,United States,2025-08-24,https://www.tedxcherrycreekhs.com,,,
TEDxReisterstown,Randallstown,Maryland,United States,2025-08-24,https://www.tedxreisterstown.com,,,
TEDxAAU,As-Salt,,Jordan,2025-08-25,https://www.tedxaau.com,,,
TEDxFaculdade LEC,Sao Paulo,,Brazil,2025-08-26,https://www.tedxfaculdadelec.com,,,
TEDxCheltenham,Cheltenham,England,United Kingdom,2025-08-27,https://www.tedxcheltenham.com,,,
TEDxPrague ED,Prague,,Czech Republic,2025-08-28,https://www.tedxpragueed.com,,,
TEDxInatel,Santa Rita do Sapucai,,Brazil,2025-08-28,https://www.tedxinatel.com,,,
TEDxSanDiegoWomen,San Diego,California,United States,2025-08-28,https://www.tedxsandiegowomen.com,,,
TEDxUniversidad Panamericana,Ciudad de Mexico,,Mexico,2025-08-28,https://www.tedxuniversidadpanamericana.com,,,
TEDxDokki Youth,Cairo,,Egypt,2025-08-28,https://www.tedxdokkiyouth.com,,,
TEDxTrinity Grammar School,Kew,,Australia,2025-08-29,https://www.tedxtrinitygrammarschool.com,,,
TEDxMohali,Mohali,,India,2025-08-29,https://www.tedxmohali.com,,,
TEDxAkure,Akure,,Nigeria,2025-08-29,https://www.tedxakure.com,,,
TEDxITE College West,Singapore,,Singapore,2025-08-29,https://www.tedxitecollegewest.com,,,
TEDxYouth@CobbsCreek,Philadelphia,Georgia,United States,2025-08-29,https://www.tedxyouthcobbscreek.com,,,
TEDxCaladadelosHéroes,Leon de los Aldama,,Mexico,2025-08-29,https://www.tedxcaladadeloshroes.com,,,
TEDxPolicoro,Policoro,,Italy,2025-08-30,https://www.tedxpolicoro.com,,,
TEDxPollica,Acciaroli,,Italy,2025-08-30,https://www.tedxpollica.com,,,
TEDxLuong The Vinh Youth,Bien Hoa,,Vietnam,2025-08-30,https://www.tedxluongthevinhyouth.com,,,
TEDxMolfetta,Molfetta,,Italy,2025-08-30,https://www.tedxmolfetta.com,,,
TEDxAgo Owu,Abeokuta,,Nigeria,2025-08-30,https://www.tedxagoowu.com,,,
TEDxJeffersonU,Philadephia,Pennsylvania,United States,2025-08-30,https://www.tedxjeffersonu.com,,,
TEDxSagrario,Ibarra,,Ecuador,2025-08-30,https://www.tedxsagrario.com,,,
TEDxShibuya Makuhari HS,Chiba,,Japan,2025-08-30,https://www.tedxshibuyamakuharihs.com,,,
TEDxPremier Intl School,Lalitpur,,Nepal,2025-08-30,https://www.tedxpremierintlschool.com,,,
TEDxForteDeiMarmi,Forte Dei Marmi,,Italy,2025-08-30,https://www.tedxfortedeimarmi.com,,,
TEDxThe Learning Hub Canal Youth,Gujranwala,,Pakistan,2025-08-30,https://www.tedxthelearninghubcanalyouth.com,,,
TEDxSIU Hyderabad,Hyderabad,,India,2025-08-30,https://www.tedxsiuhyderabad.com,,,
TEDxCypress Youth,Cypress,Texas,United States,2025-08-30,https://www.tedxcypressyouth.com,,,
TEDxFactoria,Bellevue,Washington,United States,2025-08-30,https://www.tedxfactoria.com,,,
TEDxLafia,Lafia,,Nigeria,2025-08-30,https://www.tedxlafia.com,,,
TEDxPok Fu Lam Kids,Hong Kong,,Hong Kong,2025-08-31,https://www.tedxpokfulamkids.com,,,
TEDxAIIMS Bathinda,Bathinda,,India,2025-09-01,https://www.tedxaiimsbathinda.com,,,
TEDxSMPI Al Abidin Surakarta Youth,Surakarta,,Indonesia,2025-09-02,https://www.tedxsmpialabidinsurakartayouth.com,,,
TEDxStockholm University,Stockholm,,Sweden,2025-09-02,https://www.tedxstockholmuniversity.com,,,
TEDxRealMayorazgoSt,Coyoacán,,Mexico,2025-09-04,https://www.tedxrealmayorazgost.com,,,
TEDxStLouisWomen,St Louis,Missouri,United States,2025-09-04,https://www.tedxstlouiswomen.com,,,
TEDxMahtaAlRamlSq,Alexandria,,Egypt,2025-09-05,https://www.tedxmahtaalramlsq.com,,,
TEDxYouth@Paparangi,Wellington,,New Zealand,2025-09-05,https://www.tedxyouthpaparangi.com,,,
TEDxLUMS,Lahore,,Pakistan,2025-09-06,https://www.tedxlums.com,,,
TEDxImam Mohammed University,Riyadhh,,Saudi Arabia,2025-09-06,https://www.tedximammohammeduniversity.com,,,
TEDxSwakopmund,Swakopmund,,Namibia,2025-09-06,https://www.tedxswakopmund.com,,,
TEDxVillacarrillo,Villacarrillo,,Spain,2025-09-06,https://www.tedxvillacarrillo.com,,,
TEDxSwarthmore College,Swarthmore,Pennsylvania,United States,2025-09-06,https://www.tedxswarthmorecollege.com,,,
TEDxAtlanta Intl School Youth,Atlanta,Georgia,United States,2025-09-06,https://www.tedxatlantaintlschoolyouth.com,,,
TEDxOconomowoc,Oconomowoc,Wisconsin,United States,2025-09-06,https://www.tedxoconomowoc.com,,,
TEDxBentonville,Bentonville,Arkansas,United States,2025-09-06,https://www.tedxbentonville.com,,,
TEDxTorun Women,Torun,,Poland,2025-09-06,https://www.tedxtorunwomen.com,,,
TEDxCali,Cali,,Colombia,2025-09-06,https://www.tedxcali.com,,,
TEDxWilsonPark,Florence,Alabama,United States,2025-09-06,https://www.tedxwilsonpark.com,,,
TEDxLIS Jodhpur Youth,Jodphur,,India,2025-09-06,https://www.tedxlisjodhpuryouth.com,,,
TEDxSTMU,Islamabad,,Pakistan,2025-09-06,https://www.tedxstmu.com,,,
TEDxLunca Argesului Youth,Pitesti,,Romania,2025-09-06,https://www.tedxluncaargesuluiyouth.com,,,
TEDxBrașov,Brasov,,Romania,2025-09-06,https://www.tedxbraov.com,,,
TEDxUStreetSalon,Washington,DC,United States,2025-09-06,https://www.tedxustreetsalon.com,,,
TEDxNagpur,Nagpur,,India,2025-09-07,https://www.tedxnagpur.com,,,
TEDxPlac Solny,Wroclaw,,Poland,2025-09-07,https://www.tedxplacsolny.com,,,
TEDxAHWS Youth,Delhi,,India,2025-09-07,https://www.tedxahwsyouth.com,,,
TEDxDYPAkurdi,पिंपरी चिंचवड,,India,2025-09-09,https://www.tedxdypakurdi.com,,,
TEDxLyari,Karachi,,Pakistan,2025-09-09,https://www.tedxlyari.com,,,
TEDxIITRAM,Ahmedabad,,India,2025-09-09,https://www.tedxiitram.com,,,
TEDxJGU,Sonipat,,India,2025-09-10,https://www.tedxjgu.com,,,
TEDxKlaipėda,Klaipeda,,Lithuania,2025-09-10,https://www.tedxklaipda.com,,,
TEDxBerlinSalon,Berlin,,Germany,2025-09-10,https://www.tedxberlinsalon.com,,,
TEDxUniversity of Otago,Dunedin,,New Zealad,2025-09-10,https://www.tedxuniversityofotago.com,,,
TEDxPittsburgh,Pittsburgh,Pennsylvania,United States,2025-09-11,https://www.tedxpittsburgh.com,,,
TEDxSt Pete Women,St Petersburg,Florida,United States,2025-09-11,https://www.tedxstpetewomen.com,,,
TEDxCourmayeur,Courmayeur,,Italy,2025-09-12,https://www.tedxcourmayeur.com,,,
TEDxLandau,Landau,,Germany,2025-09-12,https://www.tedxlandau.com,,,
TEDxPine Lake Youth,Bellevue,Washington,United States,2025-09-12,https://www.tedxpinelakeyouth.com,,,
TEDxVicenza,Vicenza,,Italy,2025-09-12,https://www.tedxvicenza.com,,,
TEDxKaraj,Karaj,,Iran,2025-09-12,https://www.tedxkaraj.com,,,
TEDxZespół Szkól Komunikacji Youth,Poznan,,Poland,2025-09-12,https://www.tedxzespszklkomunikacjiyouth.com,,,
TEDxYouth@SantoInacioRio,Rio de Janeiro,,Brazil,2025-09-12,https://www.tedxyouthsantoinaciorio.com,,,
TEDxIIHMR U,Jaipur,,India,2025-09-12,https://www.tedxiihmru.com,,,
TEDxBloom World Academy Youth,Dubai,,UAE,2025-09-12,https://www.tedxbloomworldacademyyouth.com,,,
TEDxWilsonPark,Florence Park,Alabama,United States,2025-09-12,https://www.tedxwilsonpark.com,,,
TEDxIIM Nagpur,Nagpur,,India,2025-09-13,https://www.tedxiimnagpur.com,,,
TEDxBologna,Bologna,,Italy,2025-09-13,https://www.tedxbologna.com,,,
TEDxParrish Street,Durham,North Carolina,United States,2025-09-13,https://www.tedxparrishstreet.com,,,
TEDxSVKM Intl School,Mumbai,,India,2025-09-13,https://www.tedxsvkmintlschool.com,,,
TEDxUdvarhely,Odurheiu Secuiesc,,Romania,2025-09-13,https://www.tedxudvarhely.com,,,
TEDxScarisbrick,Scarisbrick,England,United Kingdom,2025-09-13,https://www.tedxscarisbrick.com,,,
TEDxMarin,Fairfax,California,United States,2025-09-13,https://www.tedxmarin.com,,,
TEDxUTAR Kampar,Kampar,,Malaysia,2025-09-13,https://www.tedxutarkampar.com,,,
TEDxJBIMS,Mumbai,,India,2025-09-13,https://www.tedxjbims.com,,,
TEDxESC,Kolea,,Algeria,2025-09-13,https://www.tedxesc.com,,,
TEDxParrish Street,Durham,Massachussets,United States,2025-09-13,https://www.tedxparrishstreet.com,,,
TEDxBayshore Blvd,Tampa,Florida,United States,2025-09-13,https://www.tedxbayshoreblvd.com,,,
TEDxRiara University,Nairobi,,Kenya,2025-09-13,https://www.tedxriarauniversity.com,,,
TEDxKumasi Crescent,Abuja,,Nigeria,2025-09-13,https://www.tedxkumasicrescent.com,,,
TEDxShoreditch,London,,United Kingdom,2025-09-13,https://www.tedxshoreditch.com,,,
TEDxBotucatu,Botucatu,,Brazil,2025-09-13,https://www.tedxbotucatu.com,,,
TEDxValley Christian High School,San Jose,California,United States,2025-09-13,https://www.tedxvalleychristianhighschool.com,,,
TEDxTIPS Salem Youth,Salem,,India,2025-09-13,https://www.tedxtipssalemyouth.com,,,
TEDxConwy,Conwy,,United Kingdom,2025-09-13,https://www.tedxconwy.com,,,
TEDxAkron,Akron,Ohio,United States,2025-09-13,https://www.tedxakron.com,,,
TEDxU São Judas Tadeu,Sao Paulo,,Brazil,2025-09-13,https://www.tedxusojudastadeu.com,,,
TEDxWoodcreek HS,Roseville,California,United States,2025-09-13,https://www.tedxwoodcreekhs.com,,,
TEDxAzadiStreet,Karachi,,Pakistan,2025-09-14,https://www.tedxazadistreet.com,,,
TEDxPort Said,Port Said,,Egypt,2025-09-14,https://www.tedxportsaid.com,,,
TEDxENSIA,Mahelma,,Algeria,2025-09-15,https://www.tedxensia.com,,,
TEDxSaint Paul University,Ottawa,,Canada,2025-09-15,https://www.tedxsaintpauluniversity.com,,,
TEDxLuxembourgCityED,Luxembourg,,Luxembourg,2025-09-15,https://www.tedxluxembourgcityed.com,,,
TEDxGMC Doda,Doda,,India,2025-09-15,https://www.tedxgmcdoda.com,,,
TEDxEram Street,Shiraz,,Iran,2025-09-15,https://www.tedxeramstreet.com,,,
TEDxJumeirahBeachParkSalon,Dubai,,UAE,2025-09-15,https://www.tedxjumeirahbeachparksalon.com,,,
TEDxEDSU Uzairue,Uzairue,,Nigeria,2025-09-17,https://www.tedxedsuuzairue.com,,,
TEDxDavenport,Davenport,Iowa,United States,2025-09-17,https://www.tedxdavenport.com,,,
TEDxMNSUET Multan,Multan,,Pakistan,2025-09-18,https://www.tedxmnsuetmultan.com,,,
TEDxPietermaritzburg,Pietermaritzburg,,South Africa,2025-09-18,https://www.tedxpietermaritzburg.com,,,
TEDxJardimdosSeixas,Sao Jose do Rio Preto,,Brazil,2025-09-18,https://www.tedxjardimdosseixas.com,,,
TEDxUNCPembroke,Pembroke,North Carolina,United States,2025-09-18,https://www.tedxuncpembroke.com,,,
TEDxAmity University Noida,Noida,,India,2025-09-18,https://www.tedxamityuniversitynoida.com,,,
TEDxMNSUET Multan,Multan,,Pakistan,2025-09-18,https://www.tedxmnsuetmultan.com,,,
TEDxCapeMaySalon,Middle Township,California,United States,2025-09-18,https://www.tedxcapemaysalon.com,,,
TEDxBradley University,Peoria,Illinios,United States,2025-09-18,https://www.tedxbradleyuniversity.com,,,
TEDxJohannesburg,Johannesburg,,South Africa,2025-09-18,https://www.tedxjohannesburg.com,,,
TEDxDavenport,Davenport,Iowa,United States,2025-09-18,https://www.tedxdavenport.com,,,
TEDxMoskovyanStSalon,Yerevan,,Armenia,2025-09-19,https://www.tedxmoskovyanstsalon.com,,,
TEDxMSState,Starkville,Mississippi,United States,2025-09-19,https://www.tedxmsstate.com,,,
TEDxSalzburg Youth,Salzburg,,Austria,2025-09-19,https://www.tedxsalzburgyouth.com,,,
TEDxBauchi,Bauchi,,Nigeria,2025-09-19,https://www.tedxbauchi.com,,,
TEDxCarlsbad,Carlsbad,California,Unites States,2025-09-19,https://www.tedxcarlsbad.com,,,
TEDxMahidolU,Salaya,,Thailand,2025-09-19,https://www.tedxmahidolu.com,,,
TEDxLake Geneva,Lake Geneva,Wisconsin,United States,2025-09-19,https://www.tedxlakegeneva.com,,,
TEDxUniversityofWarsaw,Warsaw,,Poland,2025-09-19,https://www.tedxuniversityofwarsaw.com,,,
TEDxCanakkale,Canakkale,,Turkey,2025-09-19,https://www.tedxcanakkale.com,,,
TEDxUA Huntsville,Huntsville,Alabama,United States,2025-09-19,https://www.tedxuahuntsville.com,,,
TEDxBundelkhand University,Jhansi,,India,2025-09-20,https://www.tedxbundelkhanduniversity.com,,,
TEDxYouth@TCSOkara,Okara,,Pakistan,2025-09-20,https://www.tedxyouthtcsokara.com,,,
TEDxNairobi,Nairobi,,Kenya,2025-09-20,https://www.tedxnairobi.com,,,
TEDxLÖSEV Eğitim Kurumları,Ankara,,Turkey,2025-09-20,https://www.tedxlseveitimkurumlar.com,,,
TEDxLilla Torg,Malmö,,Sweden,2025-09-20,https://www.tedxlillatorg.com,,,
TEDxKarlsruhe,Karlsruhe,,Germany,2025-09-20,https://www.tedxkarlsruhe.com,,,
TEDxBodija,Ibadan,,Nigeria,2025-09-20,https://www.tedxbodija.com,,,
TEDxAccra,Accra,,Ghana,2025-09-20,https://www.tedxaccra.com,,,
TEDxVelammal Global School,Chennai,,India,2025-09-20,https://www.tedxvelammalglobalschool.com,,,
TEDxFaceres,Sao Jose do Rio Preto,,Brazil,2025-09-20,https://www.tedxfaceres.com,,,
TEDxMIS Pune Youth,Pune,,India,2025-09-20,https://www.tedxmispuneyouth.com,,,
TEDxAlManaraSquare,Ramallah,,Palestine,2025-09-20,https://www.tedxalmanarasquare.com,,,
TEDxColumbiana,Columbiana,Ohio,United States,2025-09-20,https://www.tedxcolumbiana.com,,,
TEDxArgyle St,Halifax,,Canada,2025-09-20,https://www.tedxargylest.com,,,
TEDxTunghai U Salon,Taichung City,,Taiwan,2025-09-20,https://www.tedxtunghaiusalon.com,,,
TEDxAdo Ekiti,Ado Ektiki,,Nigeria,2025-09-20,https://www.tedxadoekiti.com,,,
TEDxColegio Maya Youth,Ciudad de Guateala,,Guatemala,2025-09-20,https://www.tedxcolegiomayayouth.com,,,
TEDxParqueLaLoma,Tepic,,Mexico,2025-09-20,https://www.tedxparquelaloma.com,,,
TEDxAlManaraSquare,Ramallah,,Palestine,2025-09-20,https://www.tedxalmanarasquare.com,,,
TEDxKivukoni,Dar es Salaam,,Tanzania,2025-09-20,https://www.tedxkivukoni.com,,,
TEDxVia Bafile,Jesolo,,Italy,2025-09-20,https://www.tedxviabafile.com,,,
TEDxBrevard Women,Brevard,North Carolina,United States,2025-09-20,https://www.tedxbrevardwomen.com,,,
TEDxSongze Ave,Shanghai,,China,2025-09-20,https://www.tedxsongzeave.com,,,
TEDxAristide Demetriade Street,Timisoara,,Romania,2025-09-20,https://www.tedxaristidedemetriadestreet.com,,,
TEDxUVM,Burlington,North Carolina,United States,2025-09-20,https://www.tedxuvm.com,,,
TEDxReno,Reno,Nevada,United States,2025-09-20,https://www.tedxreno.com,,,
TEDxSGVS Youth,Delhi,,India,2025-09-20,https://www.tedxsgvsyouth.com,,,
TEDxPrague,Prague,,Czech Republic,2025-09-20,https://www.tedxprague.com,,,
TEDxAgliè,Agile,,Italy,2025-09-20,https://www.tedxagli.com,,,
TEDxAKAMaputo Youth,Matola,,Mozambique,2025-09-20,https://www.tedxakamaputoyouth.com,,,
TEDxThonglor Women,Bangkok,,Thailand,2025-09-20,https://www.tedxthonglorwomen.com,,,
TEDxBoulder,Boulder,Colorado,United States,2025-09-20,https://www.tedxboulder.com,,,
TEDxNanjing,Nan Jing Shi,,China,2025-09-21,https://www.tedxnanjing.com,,,
TEDxCaledonian Intl School Youth,Pathankot,,India,2025-09-21,https://www.tedxcaledonianintlschoolyouth.com,,,
TEDxGNLU,Gandhinagar,,India,2025-09-21,https://www.tedxgnlu.com,,,
TEDxSaltLakeCity,Salt Lake City,Utah,United States,2025-09-22,https://www.tedxsaltlakecity.com,,,
TEDxLos Laureles,Armenia,,Colombia,2025-09-22,https://www.tedxloslaureles.com,,,
TEDxMAIMS,Delhi,,India,2025-09-22,https://www.tedxmaims.com,,,
TEDxJMI,New Delhi,,India,2025-09-23,https://www.tedxjmi.com,,,
TEDxBerlin Women,Berlin,,Germany,2025-09-23,https://www.tedxberlinwomen.com,,,
TEDxGCTU,Accra,,Ghana,2025-09-23,https://www.tedxgctu.com,,,
TEDxNebraska Wesleyan University,Lincoln,Nebraska,United States,2025-09-24,https://www.tedxnebraskawesleyanuniversity.com,,,
TEDxBaku State University,Baki,,Azerbaijan,2025-09-24,https://www.tedxbakustateuniversity.com,,,
TEDxNAS Guangzhou Panyu Youth,Guang Zhou Shi,,China,2025-09-24,https://www.tedxnasguangzhoupanyuyouth.com,,,
TEDxHochschuleBremerhaven,Bremerhaven,,Germany,2025-09-25,https://www.tedxhochschulebremerhaven.com,,,
TEDxRio,Rio de Janeiro,,Brazil,2025-09-25,https://www.tedxrio.com,,,
TEDxEscola Concept Ribeirão Preto,Riberao Preto,,Brazil,2025-09-25,https://www.tedxescolaconceptribeiropreto.com,,,
TEDxKelly Ingram Park,Birmingham,Alabama,United States,2025-09-25,https://www.tedxkellyingrampark.com,,,
TEDxDevon,Devon,,Canada,2025-09-25,https://www.tedxdevon.com,,,
TEDxOldHickory,Old Hickory,Tennessee,United States,2025-09-25,https://www.tedxoldhickory.com,,,
TEDxCamino Ramon St,San Ramon,California,United States,2025-09-25,https://www.tedxcaminoramonst.com,,,
TEDxEram Street Women,Shiraz,,Iran,2025-09-25,https://www.tedxeramstreetwomen.com,,,
TEDxDolores,San Fransisco,California,United States,2025-09-25,https://www.tedxdolores.com,,,
TEDxFitzroy Youth,Melbourne,,Australia,2025-09-26,https://www.tedxfitzroyyouth.com,,,
TEDxUZH,Zurich,,Switzerland,2025-09-26,https://www.tedxuzh.com,,,
TEDxNorthern Quarter,Manchester,England,United Kingdom,2025-09-26,https://www.tedxnorthernquarter.com,,,
TEDxRoatan,Roatan,,Saint Barthelemy,2025-09-26,https://www.tedxroatan.com,,,
TEDxChicago,Chicago,Illinois,United States ,2025-09-26,https://www.tedxchicago.com,,,
TEDxNAS Nantong Youth,Nan Tong Shi,,China,2025-09-26,https://www.tedxnasnantongyouth.com,,,
TEDxUCT,Cape Town,,South Africa,2025-09-26,https://www.tedxuct.com,,,
TEDxKarlovacLibrary,Karlovac,,Croatia,2025-09-26,https://www.tedxkarlovaclibrary.com,,,
TEDxUniversityofPretoria,Pretoria,,South Africa,2025-09-26,https://www.tedxuniversityofpretoria.com,,,
TEDxSPC,Seminole,Florida,United States,2025-09-26,https://www.tedxspc.com,,,
TEDxBraga,Braga,,Portugal,2025-09-26,https://www.tedxbraga.com,,,
TEDxGoyang,Goyang-si,,South Korea,2025-09-27,https://www.tedxgoyang.com,,,
TEDxNKNU,Kaoahsiung,,Taiwan,2025-09-27,https://www.tedxnknu.com,,,
TEDxKL,Ampang,,Malaysia,2025-09-27,https://www.tedxkl.com,,,
TEDxYouth@ApeejaySchool,Bhubaneswar,,India,2025-09-27,https://www.tedxyouthapeejayschool.com,,,
TEDxAncona,Ancona,,Italy,2025-09-27,https://www.tedxancona.com,,,
TEDxLublin,Lublin,,Poland,2025-09-27,https://www.tedxlublin.com,,,
TEDxSan Lorenzo,FNO,,Argentina,2025-09-27,https://www.tedxsanlorenzo.com,,,
TEDxGreenfield Women,Faridabad,,India,2025-09-27,https://www.tedxgreenfieldwomen.com,,,
TEDxGrandJunction,Grand Junction,Colorado,United States,2025-09-27,https://www.tedxgrandjunction.com,,,
TEDxBillings,Billings,Montana,United States,2025-09-27,https://www.tedxbillings.com,,,
TEDxTemecula,Temecula,California,United States,2025-09-27,https://www.tedxtemecula.com,,,
TEDxLadywood Women,Birmingham,England,United Kingdom,2025-09-27,https://www.tedxladywoodwomen.com,,,
TEDxTractorul,Brasov,,Romania,2025-09-27,https://www.tedxtractorul.com,,,
TEDxReus,Reus,,Spain,2025-09-27,https://www.tedxreus.com,,,
TEDxBuckheadAve,Atlanta,Georgia,United States,2025-09-27,https://www.tedxbuckheadave.com,,,
TEDxNazarethUniversity,Rochester,Pennsylvania,United States,2025-09-27,https://www.tedxnazarethuniversity.com,,,
TEDxJMI,New Delhi,,India,2025-09-27,https://www.tedxjmi.com,,,
TEDxGrandePrairie,Grande Prairie,,Canada,2025-09-27,https://www.tedxgrandeprairie.com,,,
TEDxUnited Institute of Technology,Prayagraj,,India,2025-09-27,https://www.tedxunitedinstituteoftechnology.com,,,
TEDxTârguMureș,Targu Mures,,Romania,2025-09-27,https://www.tedxtrgumure.com,,,
TEDxSetbaşı,Bursa,,Turkey,2025-09-27,https://www.tedxsetba.com,,,
TEDxChapel Lane Women,Midland,Michigan,United States,2025-09-27,https://www.tedxchapellanewomen.com,,,
TEDxABQ,Albuquerque,New Mexico,United States,2025-09-27,https://www.tedxabq.com,,,
TEDxBeijing,Beijing,,China,2025-09-27,https://www.tedxbeijing.com,,,
TEDxLecco,Lecco,,Italy,2025-09-27,https://www.tedxlecco.com,,,
TEDxDala,Kano City,,Nigeria,2025-09-27,https://www.tedxdala.com,,,
TEDxXuhui,Shanghai,,China,2025-09-28,https://www.tedxxuhui.com,,,
TEDxLahore,Lahore,,Pakistan,2025-09-28,https://www.tedxlahore.com,,,
TEDxTbilisi,Tbilisi,,Georgia,2025-09-28,https://www.tedxtbilisi.com,,,
TEDxIlinden,Sofia,,Bulgaria,2025-09-29,https://www.tedxilinden.com,,,
TEDxNoVA,Lisbon,,Portugal,2025-09-29,https://www.tedxnova.com,,,
TEDxYouth@NMS,Jaipur,,India,2025-09-30,https://www.tedxyouthnms.com,,,
TEDxKarbala,Karbala,,Iraq,2025-09-30,https://www.tedxkarbala.com,,,
TEDxLecce,Lecce,,Italy,2025-09-30,https://www.tedxlecce.com,,,
TEDxJainUniversity,Jaipur,,India,2025-09-30,https://www.tedxjainuniversity.com,,,
TEDxFuzhou,Fuzhou,,China,2025-10-01,https://www.tedxfuzhou.com,,,
TEDxDhahran,Dhahran,,Saudi Arabia,2025-10-01,https://www.tedxdhahran.com,,,
TEDxJAS Youth,Dubai,,UAE,2025-10-01,https://www.tedxjasyouth.com,,,
TEDxSHSU,Huntsville,Texas,United States,2025-10-01,https://www.tedxshsu.com,,,
TEDxInternational School of Ulaanbaatar Youth,Ulaanbaatar,,Mongolia,2025-10-02,https://www.tedxinternationalschoolofulaanbaataryouth.com,,,
TEDxUniversityofTehran,Tehran,,Iran,2025-10-02,https://www.tedxuniversityoftehran.com,,,
TEDxViedma,Viedma,,Argentina,2025-10-02,https://www.tedxviedma.com,,,
TEDxUniversity of Mauritius,Moka,,Mauritius,2025-10-03,https://www.tedxuniversityofmauritius.com,,,
TEDxHSRW,Kleve,,Germany,2025-10-03,https://www.tedxhsrw.com,,,
TEDxUjlipot,Budapest,,Hungary,2025-10-03,https://www.tedxujlipot.com,,,
TEDxYouth@CopernicusNo33,Warszawa,,Poland,2025-10-03,https://www.tedxyouthcopernicusno33.com,,,
TEDxElmPark,Staten Island,New York,United States,2025-10-03,https://www.tedxelmpark.com,,,
TEDxFitchburg State U,Fitchburg,Massachusetts,United States,2025-10-03,https://www.tedxfitchburgstateu.com,,,
TEDxWells International School Youth,Bangkok,,Thailand,2025-10-03,https://www.tedxwellsinternationalschoolyouth.com,,,
TEDxIES Saramago Majadahonda Youth,Majadahonda,,Spain,2025-10-03,https://www.tedxiessaramagomajadahondayouth.com,,,
TEDxSamfordU,Homewood,Alabama,United States,2025-10-03,https://www.tedxsamfordu.com,,,
TEDxOmaha,Omaha,Nebraska,United States,2025-10-03,https://www.tedxomaha.com,,,
TEDxInvictus School Amritsar,Amritsar,,India,2025-10-04,https://www.tedxinvictusschoolamritsar.com,,,
TEDxKandilli Kız Lisesi,Uksudar,,Turkey,2025-10-04,https://www.tedxkandillikzlisesi.com,,,
TEDxGenova,Genova,,Italy,2025-10-04,https://www.tedxgenova.com,,,
TEDxTraleeWomen,Tralee,,Ireland,2025-10-04,https://www.tedxtraleewomen.com,,,
TEDxLaçador,Viamao,,Brazil,2025-10-04,https://www.tedxlaador.com,,,
TEDxGálvez,Galvez,,Argentina,2025-10-04,https://www.tedxglvez.com,,,
TEDxUnity Park,Greenville,,United States,2025-10-04,https://www.tedxunitypark.com,,,
TEDxOneonta,Oneonta,New York,United States,2025-10-04,https://www.tedxoneonta.com,,,
TEDxGary,Gary,Indiana,United States,2025-10-04,https://www.tedxgary.com,,,
TEDxArlington Heights,ArlingtonHeights,Illinois,United States,2025-10-04,https://www.tedxarlingtonheights.com,,,
TEDxAmman,Amman,,Jordan,2025-10-04,https://www.tedxamman.com,,,
TEDxKirkuk,Kirkuk,,Iraq,2025-10-04,https://www.tedxkirkuk.com,,,
TEDxJersey City,Jersey City,New Jersey,United States,2025-10-04,https://www.tedxjerseycity.com,,,
TEDxWilmette,Wilmette,Illinois,United States,2025-10-04,https://www.tedxwilmette.com,,,
TEDxBocaRaton,BocaRaton,Florida,United States,2025-10-05,https://www.tedxbocaraton.com,,,
TEDxCapeMay,Cape May ,New Jersey,United States,2025-10-05,https://www.tedxcapemay.com,,,
TEDxStGeorge,Ivins,Utah,United States,2025-10-05,https://www.tedxstgeorge.com,,,
TEDxFullerton,Fullerton,California,United States,2025-10-05,https://www.tedxfullerton.com,,,
TEDxTupelo Women,Tupelo,Mississippi,United States,2025-10-06,https://www.tedxtupelowomen.com,,,
TEDxWorthing,Worthing,,United Kingdom,2025-10-06,https://www.tedxworthing.com,,,
TEDxMacatawa,Macatawa,Michigan,United States,2025-10-08,https://www.tedxmacatawa.com,,,
TEDxUniversidadPanamericanaGuadalajara,Zapopan,,Mexico,2025-10-08,https://www.tedxuniversidadpanamericanaguadalajara.com,,,
TEDxNICA,Pahran,,Australia,2025-10-09,https://www.tedxnica.com,,,
TEDxKish,Kish,,Iran,2025-10-09,https://www.tedxkish.com,,,
TEDxUniversityofJohannesburg,Johannesburg,,South Africa,2025-10-09,https://www.tedxuniversityofjohannesburg.com,,,
TEDxSouthern Miss,Long Beach,California,United States,2025-10-09,https://www.tedxsouthernmiss.com,,,
TEDxStCloud,St Cloud,Minnesota,United States,2025-10-09,https://www.tedxstcloud.com,,,
TEDxLife Valley Youth,Kottayam,,India,2025-10-10,https://www.tedxlifevalleyyouth.com,,,
TEDxBaku Oxford School,Baku,,Azerbaijan,2025-10-10,https://www.tedxbakuoxfordschool.com,,,
TEDxCocody,Abidjan,,Cote d'Ivoire,2025-10-10,https://www.tedxcocody.com,,,
TEDxTaipei,Taipei,,Taiwan,2025-10-10,https://www.tedxtaipei.com,,,
TEDxQuetzaltenango,Questzaltenango,,Guatemala,2025-10-10,https://www.tedxquetzaltenango.com,,,
TEDxWestfordUniSharjah,Dubai,,UAE,2025-10-10,https://www.tedxwestfordunisharjah.com,,,
TEDxVitacura,Santiago,,Chile,2025-10-10,https://www.tedxvitacura.com,,,
TEDxCoolhaven Women,Rotterdam,,Netherlands,2025-10-10,https://www.tedxcoolhavenwomen.com,,,
TEDxAhlconIntlSchool,Delhi,,India,2025-10-11,https://www.tedxahlconintlschool.com,,,
TEDxIzmir,Izmir,,Turkey,2025-10-11,https://www.tedxizmir.com,,,
TEDxMFL High School Youth,Mugla,,Turkey,2025-10-11,https://www.tedxmflhighschoolyouth.com,,,
TEDxCharles University,Prague,,Czech Republic,2025-10-11,https://www.tedxcharlesuniversity.com,,,
TEDxPortHarcourt,Port Harcourt,,Nigeria,2025-10-11,https://www.tedxportharcourt.com,,,
TEDxBeloHorizonte,Belo Horizonte,,Brazil,2025-10-11,https://www.tedxbelohorizonte.com,,,
TEDxDereeACG,Athens,,Greece,2025-10-11,https://www.tedxdereeacg.com,,,
TEDxGeorge,George,,South Africa,2025-10-11,https://www.tedxgeorge.com,,,
TEDxLazzaro Spallanzani High School,Castelfranco Emilia,,Italy,2025-10-11,https://www.tedxlazzarospallanzanihighschool.com,,,
TEDxStuttgart,Stuttgart,,Germany,2025-10-11,https://www.tedxstuttgart.com,,,
TEDxYouth@KRMPublicSchool,Chennai,,India,2025-10-12,https://www.tedxyouthkrmpublicschool.com,,,
TEDxKiwenda,Kiwenda,,Uganda,2025-10-12,https://www.tedxkiwenda.com,,,
TEDxPuraVidaSalon,San Jose,,Costa Rica,2025-10-12,https://www.tedxpuravidasalon.com,,,
TEDxVisalia,Visalia,California,United States,2025-10-12,https://www.tedxvisalia.com,,,
TEDxKafrelsheikh University,Kafrelshiekh City,,Egypt,2025-10-12,https://www.tedxkafrelsheikhuniversity.com,,,
TEDxESSECAsiaPacific Countdown,Singapore,,Singapore,2025-10-14,https://www.tedxessecasiapacificcountdown.com,,,
TEDxTarneit Youth,Tarneit,Victoria,Australia,2025-10-15,https://www.tedxtarneityouth.com,,,
TEDxUTAS,Muscat,,Oman,2025-10-14,https://www.tedxutas.com,,,
TEDxBulle,Bulle,,Switzerland,2025-10-15,https://www.tedxbulle.com,,,
TEDxEHLLausanne,Lausanne,,Switzerland,2025-10-15,https://www.tedxehllausanne.com,,,
TEDxColégio Medianeira Youth,Curitiba,Paraná,Brazil,2025-10-15,https://www.tedxcolgiomedianeirayouth.com,,,
TEDxITECSUR,Quito,Pichincha,Ecuador,2025-10-15,https://www.tedxitecsur.com,,,
TEDxLas Hayas College Youth,Briones,Veracruz,Mexico,2025-10-15,https://www.tedxlashayascollegeyouth.com,,,
TEDxSt Albans,St Albans,,United Kingdom,2025-10-15,https://www.tedxstalbans.com,,,
TEDxUniRitter,Porto Alegre,,Brazil,2025-10-15,https://www.tedxuniritter.com,,,
TEDxPavia,Pavia,,Italy,2025-10-15,https://www.tedxpavia.com,,,
TEDxNHVPS Youth,Bengaluru,,India,2025-10-16,https://www.tedxnhvpsyouth.com,,,
TEDxHagerstownWomen,Hagerstown,,United States,2025-10-15,https://www.tedxhagerstownwomen.com,,,
TEDxGDS Youth,Greensboro,,United States,2025-10-15,https://www.tedxgdsyouth.com,,,
TEDxTeesside,Middlesbrough,,United Kingdom,2025-10-16,https://www.tedxteesside.com,,,
TEDxLakkatura,Sylhet,,Bangladesh,2025-10-16,https://www.tedxlakkatura.com,,,
TEDxGosport,Gosport,,United Kingdom,2025-10-16,https://www.tedxgosport.com,,,
TEDxUZH,Zurich,,Switzerland,2025-10-16,https://www.tedxuzh.com,,,
TEDxYouth@HCIS,Singapore,,Singapore,2025-10-17,https://www.tedxyouthhcis.com,,,
TEDxCatanzaro,Catanzaro,,Italy,2025-10-16,https://www.tedxcatanzaro.com,,,
TEDxVUB,Brussels,,Belgium,2025-10-16,https://www.tedxvub.com,,,
TEDxFirenze,Firenze,,Italy,2025-10-17,https://www.tedxfirenze.com,,,
TEDxLeon,León,,Spain,2025-10-17,https://www.tedxleon.com,,,
TEDxGwagwalada,Abuja,,Nigeria,2025-10-17,https://www.tedxgwagwalada.com,,,
TEDxNEOMED,Rootstown,,United States,2025-10-17,https://www.tedxneomed.com,,,
TEDxGeorgiaCollege,Milledgeville,,United States,2025-10-17,https://www.tedxgeorgiacollege.com,,,
TEDxMakati,Makati,Metro Manila,Philippines,2025-10-17,https://www.tedxmakati.com,,,
TEDxWarsaw Youth,Warszawa,,Poland,2025-10-17,https://www.tedxwarsawyouth.com,,,
TEDxKuwaitCity,Kuwait City,,Kuwait,2025-10-17,https://www.tedxkuwaitcity.com,,,
TEDxShanghai,Shanghai,,China,2025-10-18,https://www.tedxshanghai.com,,,
TEDxGöteborg Salon,Mölndal,,Sweden,2025-10-17,https://www.tedxgteborgsalon.com,,,
TEDxMREC,Hyderabad,,India,2025-10-18,https://www.tedxmrec.com,,,
TEDxKlonatzidika,Tripoli,,Greece,2025-10-18,https://www.tedxklonatzidika.com,,,
TEDxYeniYolSchools,Eskisehir,,Turkey,2025-10-18,https://www.tedxyeniyolschools.com,,,
TEDxCsíkszereda,Miercurea Ciuc,,Romania,2025-10-18,https://www.tedxcskszereda.com,,,
TEDxIasi,Iasi,,Romania,2025-10-18,https://www.tedxiasi.com,,,
TEDxKatowice,Katowice,,Poland,2025-10-18,https://www.tedxkatowice.com,,,
TEDxVSE University,Prague,,Czech Republic,2025-10-18,https://www.tedxvseuniversity.com,,,
TEDxGela,Gela,,Italy,2025-10-18,https://www.tedxgela.com,,,
TEDxIgualada,Igualada,,Spain,2025-10-18,https://www.tedxigualada.com,,,
TEDxYouth@ISMonaco,Roquebrune-Cap-Martin,,Monaco,2025-10-18,https://www.tedxyouthismonaco.com,,,
TEDxCoventry Women,Coventry,,United Kingdom,2025-10-18,https://www.tedxcoventrywomen.com,,,
TEDxUniversityOfBenin,Benin City,,Nigeria,2025-10-18,https://www.tedxuniversityofbenin.com,,,
TEDxGaropaba,Garopaba,,Brazil,2025-10-18,https://www.tedxgaropaba.com,,,
TEDxItajaí,Itajai,,Brazil,2025-10-18,https://www.tedxitaja.com,,,
TEDxErechim,Erechim,,Brazil,2025-10-18,https://www.tedxerechim.com,,,
TEDxPointParkUniversity,Pittsburgh,Pennsylvania,United States,2025-10-18,https://www.tedxpointparkuniversity.com,,,
TEDxAmherstCollege,Amherst,Massachusetts,United States,2025-10-18,https://www.tedxamherstcollege.com,,,
TEDxMiramarYouth,Miramar,Florida,United States,2025-10-18,https://www.tedxmiramaryouth.com,,,
TEDxMAJU,Karachi,,Pakistan,2025-10-18,https://www.tedxmaju.com,,,
TEDxMIETJammu,Jammu,,India,2025-10-18,https://www.tedxmietjammu.com,,,
TEDxSanJose,San Jose,California,United States,2025-10-18,https://www.tedxsanjose.com,,,
TEDxKomotini,Komotini,,Greece,2025-10-18,https://www.tedxkomotini.com,,,
TEDxCascinePark,Florence,,Italy,2025-10-18,https://www.tedxcascinepark.com,,,
TEDxCoriano,Coriano,,Italy,2025-10-18,https://www.tedxcoriano.com,,,
TEDxZorilor,Cluj-Napoca,,Romania,2025-10-18,https://www.tedxzorilor.com,,,
TEDxViikki,Helsinki,,Finland,2025-10-18,https://www.tedxviikki.com,,,
TEDxLeamingtonSpa,Leamington Spa,,United Kingdom,2025-10-18,https://www.tedxleamingtonspa.com,,,
TEDxESI,Algiers,,Algeria,2025-10-18,https://www.tedxesi.com,,,
TEDxLazzaroSpallanzaniHighSchool,Castelfranco Emilia,,Italy,2025-10-18,https://www.tedxlazzarospallanzanihighschool.com,,,
TEDxYouth@ReddamHouse,Bondi,,Australia,2025-10-19,https://www.tedxyouthreddamhouse.com,,,
TEDxOconomowoc,Oconomowoc,Wisconsin,United States,2025-10-18,https://www.tedxoconomowoc.com,,,
TEDxFoggia,Foggia,,Italy,2025-10-18,https://www.tedxfoggia.com,,,
TEDxTunghaiU,Taichung City,,Taiwan,2025-10-19,https://www.tedxtunghaiu.com,,,
TEDxJundiaí,Jundiaí,,Brazil,2025-10-18,https://www.tedxjundia.com,,,
TEDxPisa,Palazzetto,,Italy,2025-10-19,https://www.tedxpisa.com,,,
TEDxUniversityOfLodz,Łódź,,Poland,2025-10-19,https://www.tedxuniversityoflodz.com,,,
TEDxCorregidora,Queretaro,,Mexico,2025-10-18,https://www.tedxcorregidora.com,,,
TEDxNantymoel,Nant-y-moel,,United Kingdom,2025-10-19,https://www.tedxnantymoel.com,,,
TEDxNashville,Nashville,,United States,2025-10-19,https://www.tedxnashville.com,,,
TEDxMantova,Mantova,,Italy,2025-10-19,https://www.tedxmantova.com,,,
TEDxYouth@SeaburyHall,Makawao,,United States,2025-10-19,https://www.tedxyouthseaburyhall.com,,,
TEDxJaffaWomen,Tel Aviv-Jaffa,,Israel,2025-10-19,https://www.tedxjaffawomen.com,,,
TEDxKingsParadeSt,Cambridge,,United Kingdom,2025-10-21,https://www.tedxkingsparadest.com,,,
TEDxEJUST,New Burj Al Arab city,,Egypt,2025-10-21,https://www.tedxejust.com,,,
TEDxEkamaiIntlSchool,Bangkok,,Thailand,2025-10-22,https://www.tedxekamaiintlschool.com,,,
TEDxJECJabalpur,Jabalpur,,India,2025-10-22,https://www.tedxjecjabalpur.com,,,
TEDxMiddlesexUniversityDubai,Dubai,,United Arab Emirates,2025-10-22,https://www.tedxmiddlesexuniversitydubai.com,,,
TEDxMapleBearRibeirãoPretoYouth,Ribeirão Preto,,Brazil,2025-10-22,https://www.tedxmaplebearribeiropretoyouth.com,,,
TEDxAmoskeagMillyard,Manchester,,United States,2025-10-22,https://www.tedxamoskeagmillyard.com,,,
TEDxUISEKEcuador,Quito,,Ecuador,2025-10-22,https://www.tedxuisekecuador.com,,,
TEDxBarringtonAreaLibrary,Barrington,,United States,2025-10-22,https://www.tedxbarringtonarealibrary.com,,,
TEDxSaltwater P9 College Youth,Point Cook,,Australia,2025-10-22,https://www.tedxsaltwaterp9collegeyouth.com,,,
TEDxCesena,Cesena,,Italy,2025-10-23,https://www.tedxcesena.com,,,
TEDxZarqa University,Zarqa,,Jordan,2025-10-23,https://www.tedxzarqauniversity.com,,,
TEDxBalcalı,Adana,,Turkey,2025-10-23,https://www.tedxbalcal.com,,,
TEDxUniversityofJordan,Amman,,Jordan,2025-10-23,https://www.tedxuniversityofjordan.com,,,
TEDxHaarlem Salon,Haarlem,,Netherlands,2025-10-23,https://www.tedxhaarlemsalon.com,,,
TEDxEdo University Iyamho,Benin City,,Nigeria,2025-10-23,https://www.tedxedouniversityiyamho.com,,,
TEDxMaringá,Maringá,,Brazil,2025-10-23,https://www.tedxmaring.com,,,
TEDxU Valpo Chile,Valparaíso,,Chile,2025-10-23,https://www.tedxuvalpochile.com,,,
TEDxBellevueWomen,Kirkland,,United States,2025-10-23,https://www.tedxbellevuewomen.com,,,
TEDxFrutillar,Frutillar,,Chile,2025-10-23,https://www.tedxfrutillar.com,,,
TEDxYouth@FIS,Oberursel,Taunus,Germany,2025-10-23,https://www.tedxyouthfis.com,,,
TEDxYeditepe University,İstanbul,,Turkey,2025-10-24,https://www.tedxyeditepeuniversity.com,,,
TEDxBodø,Bodø,,Norway,2025-10-24,https://www.tedxbod.com,,,
TEDxTaranto,Taranto,,Italy,2025-10-24,https://www.tedxtaranto.com,,,
TEDxManzanares,Manzanares,,Spain,2025-10-24,https://www.tedxmanzanares.com,,,
TEDxØygarden,Straume,,Norway,2025-10-24,https://www.tedxygarden.com,,,
TEDxOAU,Kajola,,Nigeria,2025-10-24,https://www.tedxoau.com,,,
TEDxPreludio Youth,Bogotá,,Colombia,2025-10-23,https://www.tedxpreludioyouth.com,,,
TEDxPorto Seguro,Porto Seguro,,Brazil,2025-10-24,https://www.tedxportoseguro.com,,,
TEDxJuniata College,Huntingdon,,United States,2025-10-24,https://www.tedxjuniatacollege.com,,,
TEDxEastchester School District,Eastchester,,United States,2025-10-24,https://www.tedxeastchesterschooldistrict.com,,,
TEDxCégep Champlain St Lawrence,Québec,,Canada,2025-10-24,https://www.tedxcgepchamplainstlawrence.com,,,
TEDxIS Dongguan Youth,Dongguan,,China,2025-10-24,https://www.tedxisdongguanyouth.com,,,
TEDxCSUMontereyBay,Seaside,,United States,2025-10-24,https://www.tedxcsumontereybay.com,,,
TEDxManaus,Manaus,,Brazil,2025-10-24,https://www.tedxmanaus.com,,,
TEDxGCS Sharjah Youth,Sharjah,,United Arab Emirates,2025-10-24,https://www.tedxgcssharjahyouth.com,,,
TEDxLoughborough University,Loughborough,,United Kingdom,2025-10-24,https://www.tedxloughboroughuniversity.com,,,
TEDxUoNMalaysia,Semenyih,,Malaysia,2025-10-25,https://www.tedxuonmalaysia.com,,,
TEDxMontgomery College,Rockville,Maryland,United States,2025-10-24,https://www.tedxmontgomerycollege.com,,,
TEDxHanoi,Hanoi,,Vietnam,2025-10-25,https://www.tedxhanoi.com,,,
TEDxChengdu Salon,Chengdu,,China,2025-10-25,https://www.tedxchengdusalon.com,,,
TEDxGNA University,Sri Hargobindgarh,,India,2025-10-25,https://www.tedxgnauniversity.com,,,
TEDxIIITV,Gandhinagar,,India,2025-10-25,https://www.tedxiiitv.com,,,
TEDxVJIT,Hyderabad,,India,2025-10-25,https://www.tedxvjit.com,,,
TEDxUCAKhorog,Xoruƣ,,Tajikistan,2025-10-25,https://www.tedxucakhorog.com,,,
TEDxAcibadem University,İstanbul,,Turkey,2025-10-25,https://www.tedxacibademuniversity.com,,,
TEDxConstanta,Constanța,,Romania,2025-10-25,https://www.tedxconstanta.com,,,
TEDxKoszalin,Koszalin,,Poland,2025-10-25,https://www.tedxkoszalin.com,,,
TEDxMitte,Berlin,,Germany,2025-10-25,https://www.tedxmitte.com,,,
TEDxLerici,Lerici,,Italy,2025-10-25,https://www.tedxlerici.com,,,
TEDxTrencin,Trencin,,Slovakia,2025-10-25,https://www.tedxtrencin.com,,,
TEDxErcolano,Ercolano,,Italy,2025-10-25,https://www.tedxercolano.com,,,
TEDxMoursal,NDJAMENA,,Chad,2025-10-25,https://www.tedxmoursal.com,,,
TEDxYouth@PMSS,Port Moody,,Canada,2025-10-24,https://www.tedxyouthpmss.com,,,
TEDxNiteroi,Niterói,,Brazil,2025-10-25,https://www.tedxniteroi.com,,,
TEDxWarrenton,Warrenton,Virginia,United States,2025-10-25,https://www.tedxwarrenton.com,,,
TEDxUniversityofDelaware,Newark,New Jersey,United States,2025-10-25,https://www.tedxuniversityofdelaware.com,,,
TEDxLongueuil Women,Montréal,,Canada,2025-10-25,https://www.tedxlongueuilwomen.com,,,
,Pimpri-Chinchwad,,India,2025-11-01,,,,
TEDxGLCSriGanganagar,Sri Ganganagar,,India,2025-11-01,https://www.tedxglcsriganganagar.com,,,
TEDxYouth@TheModernSchool,Barmer,,India,2025-11-01,https://www.tedxyouththemodernschool.com,,,
TEDxIdealIndianSchoolYouth,Doha,,Qatar,2025-11-01,https://www.tedxidealindianschoolyouth.com,,,
TEDxInternationalCollegeAinAar,Ain Aar,,Lebanon,2025-11-01,https://www.tedxinternationalcollegeainaar.com,,,
TEDxBrisbane,Brisbane,,Australia,2025-11-01,https://www.tedxbrisbane.com,,,
TEDxSocimat,Kinshasa,,DR Congo,2025-11-01,https://www.tedxsocimat.com,,,
TEDxSarajevoYouth,Sarajevo,,Bosnia and Herzegovina,2025-11-01,https://www.tedxsarajevoyouth.com,,,
TEDxApeejaySchoolNoida,NOIDA,,India,2025-11-01,https://www.tedxapeejayschoolnoida.com,,,
TEDxMidAtlantic,Washington,DC,United States,2025-11-01,https://www.tedxmidatlantic.com,,,
TEDxMechanicsville,Ottawa,Ontario,Canada,2025-11-01,https://www.tedxmechanicsville.com,,,
TEDxDuhaiRoad,Haikou,,China,2025-11-01,https://www.tedxduhairoad.com,,,
TEDxITU,İstanbul,,Turkey,2025-11-01,https://www.tedxitu.com,,,
TEDxBamendaYouth,Nkwen,,Cameroon,2025-11-01,https://www.tedxbamendayouth.com,,,
TEDxEmiratesHills,Dubai,,UAE,2025-11-01,https://www.tedxemirateshills.com,,,
TEDxLausanne,Lausanne,,Switzerland,2025-11-01,https://www.tedxlausanne.com,,,
TEDxHorta,Horta,,Portugal,2025-11-01,https://www.tedxhorta.com,,,
TEDxZizhuPark,Shanghai,,China,2025-11-02,https://www.tedxzizhupark.com,,,
TEDxLuxembourgCityWomen,Luxembourg,,Luxembourg,2025-11-02,https://www.tedxluxembourgcitywomen.com,,,
TEDxUniCollegeFirenze,Firenze,,Italy,2025-11-02,https://www.tedxunicollegefirenze.com,,,
TEDxDurham,Durham,,United Kingdom,2025-11-02,https://www.tedxdurham.com,,,
TEDxAtapark,Usak,,Turkey,2025-11-02,https://www.tedxatapark.com,,,
TEDxChigwell,Chigwell,,United Kingdom,2025-11-02,https://www.tedxchigwell.com,,,
TEDxVeroBeach,Vero Beach,Florida,United States,2025-11-02,https://www.tedxverobeach.com,,,
TEDxUStreetWomen,Washington,DC,United States,2025-11-03,https://www.tedxustreetwomen.com,,,
TEDxEssen,Essen,,Germany,2025-11-04,https://www.tedxessen.com,,,
TEDxNorthSeattleCollege,Seattle,Washington,United States,2025-11-04,https://www.tedxnorthseattlecollege.com,,,
TEDxTowsonU,Towson,MD,United States,2025-11-05,https://www.tedxtowsonu.com,,,
TEDxUERRE,Monterrey,,Mexico,2025-11-05,https://www.tedxuerre.com,,,
TEDxKoreaTechU,Cheonan,,South Korea,2025-11-05,https://www.tedxkoreatechu.com,,,
TEDxMontanaStateUniversity,Bozeman,MT,United States,2025-11-05,https://www.tedxmontanastateuniversity.com,,,
TEDxVivekanandSchool,Delhi,,India,2025-11-06,https://www.tedxvivekanandschool.com,,,
TEDxUniversidadPanamericanaBonaterra,Aguascalientes,,Mexico,2025-11-06,https://www.tedxuniversidadpanamericanabonaterra.com,,,
TEDxFribourg,Fribourg,,Switzerland,2025-11-06,https://www.tedxfribourg.com,,,
TEDxWarrington,Warrington,,United Kingdom,2025-11-06,https://www.tedxwarrington.com,,,
TEDxYerongaSHSYouth,Yeronga,,Australia,2025-11-07,https://www.tedxyerongashsyouth.com,,,
TEDxTheKnowledgeHabitatPuneYouth,Pune,,India,2025-11-07,https://www.tedxtheknowledgehabitatpuneyouth.com,,,
TEDxSaintGregorysCollege,Vicente López,,Argentina,2025-11-07,https://www.tedxsaintgregoryscollege.com,,,
TEDxUSP,São Paulo,,Brazil,2025-11-07,https://www.tedxusp.com,,,
TEDxSaintLeoU,Saint Leo,Florida,United States,2025-11-07,https://www.tedxsaintleou.com,,,
TEDxSchaan,Schaan,,Liechtenstein,2025-11-07,https://www.tedxschaan.com,,,
TEDxGöteborg,Gothenburg,,Sweden,2025-11-07,https://www.tedxgteborg.com,,,
TEDxQueensVillage,Queens,New York,United States,2025-11-07,https://www.tedxqueensvillage.com,,,
TEDxPerth,Perth,,Australia,2025-11-08,https://www.tedxperth.com,,,
TEDxUNJ,East Jakarta,,Indonesia,2025-11-08,https://www.tedxunj.com,,,
TEDxAligarhMuslimUniversity,Aligarh,,India,2025-11-08,https://www.tedxaligarhmuslimuniversity.com,,,
TEDxSeasonsStreetWomen,Pune,,India,2025-11-08,https://www.tedxseasonsstreetwomen.com,,,
TEDxVSSUT,Burla,,India,2025-11-08,https://www.tedxvssut.com,,,
TEDxALUWEDYouth,Toshkent,,Uzbekistan,2025-11-08,https://www.tedxaluwedyouth.com,,,
TEDxZavoiParkYouth,Râmnicu Vâlcea,,Romania,2025-11-08,https://www.tedxzavoiparkyouth.com,,,
TEDxVittoria,Vittoria,,Italy,2025-11-08,https://www.tedxvittoria.com,,,
TEDxTheHague,Den Haag,,Netherlands,2025-11-08,https://www.tedxthehague.com,,,
TEDxLakeComo,Cernobbio,,Italy,2025-11-08,https://www.tedxlakecomo.com,,,
TEDxVezins,Vezins,,France,2025-11-08,https://www.tedxvezins.com,,,
TEDxVasto,Vasto,,Italy,2025-11-08,https://www.tedxvasto.com,,,
TEDxNzaStreet,Enugu,,Nigeria,2025-11-08,https://www.tedxnzastreet.com,,,
TEDxJacareí,Jacareí,,Brazil,2025-11-08,https://www.tedxjacare.com,,,
TEDxDiegoMartin,Diego Martin,,Trinidad and Tobago,2025-11-08,https://www.tedxdiegomartin.com,,,
TEDxDirigo,Portland,Maine,United States,2025-11-08,https://www.tedxdirigo.com,,,
TEDxOcala,Ocala,Florida,United States,2025-11-08,https://www.tedxocala.com,,,
TEDxInnovationDrive,Fairfield,,United States,2025-11-08,https://www.tedxinnovationdrive.com,,,
TEDxGrandForestDrYouth,Boise,Idaho,United States,2025-11-08,https://www.tedxgrandforestdryouth.com,,,
TEDxInstitutoSalvatierra,Mexicali,,Mexico,2025-11-08,https://www.tedxinstitutosalvatierra.com,,,
TEDxGreatPacificGarbagePatch,Malibu,California,United States,2025-11-08,https://www.tedxgreatpacificgarbagepatch.com,,,
TEDxSofia,Sofia,,Bulgaria,2025-11-08,https://www.tedxsofia.com,,,
TEDxVarna,Varna,,Bulgaria,2025-11-08,https://www.tedxvarna.com,,,
TEDxHHU,Düsseldorf,,Germany,2025-11-08,https://www.tedxhhu.com,,,
TEDxSzegedWomen,Szeged,,Hungary,2025-11-08,https://www.tedxszegedwomen.com,,,
TEDxUDLAP,San Andrés Cholula,,Mexico,2025-11-08,https://www.tedxudlap.com,,,
TEDxBaylorUniversity,Waco,Texas,United States,2025-11-08,https://www.tedxbayloruniversity.com,,,
TEDxRoundRockWomen,Round Rock,Texas,United States,2025-11-08,https://www.tedxroundrockwomen.com,,,
TEDxUniversidaddeMexicali,Tecate,,Mexico,2025-11-08,https://www.tedxuniversidaddemexicali.com,,,
TEDxNerul,Navi Mumbai,Maharashtra,India,2025-11-09,https://www.tedxnerul.com,,,
TEDxBelltownWomen,Seattle,Washington,United States,2025-11-08,https://www.tedxbelltownwomen.com,,,
TEDxTerreSainteED,Saint Pierre,,Réunion,2025-11-09,https://www.tedxterresainteed.com,,,
TEDxViedma,Viedma,,Argentina,2025-11-08,https://www.tedxviedma.com,,,
TEDxGaziUniversity,Ankara,,Turkey,2025-11-09,https://www.tedxgaziuniversity.com,,,
TEDxSanAngel,Ciudad de México,,Mexico,2025-11-08,https://www.tedxsanangel.com,,,
TEDxAmazôniaSalon,Belém,,Brazil,2025-11-09,https://www.tedxamazniasalon.com,,,
TEDxKanke,Ranchi,,India,2025-11-09,https://www.tedxkanke.com,,,
TEDxSouthlake,Dallas,Texas,United States,2025-11-09,https://www.tedxsouthlake.com,,,
TEDxVicenza,Vicenza,,Italy,2025-11-09,https://www.tedxvicenza.com,,,
TEDxIIMTUniversity,Meerut,,India,2025-11-11,https://www.tedxiimtuniversity.com,,,
TEDxTechnion,Haifa,,Israel,2025-11-11,https://www.tedxtechnion.com,,,
TEDxFPTUniversityHCMC,District 9,,Vietnam,2025-11-12,https://www.tedxfptuniversityhcmc.com,,,
TEDxGADVASU,Ludhiana,,India,2025-11-12,https://www.tedxgadvasu.com,,,
TEDxHilton,Hilton,,South Africa,2025-11-12,https://www.tedxhilton.com,,,
TEDxSanIsidro,Béccar,,Argentina,2025-11-12,https://www.tedxsanisidro.com,,,
TEDxULatina,San Pedro,,Costa Rica,2025-11-12,https://www.tedxulatina.com,,,
TEDxRomaYouth,Rome,,Italy,2025-11-13,https://www.tedxromayouth.com,,,
TEDxTrento,Trento,,Italy,2025-11-13,https://www.tedxtrento.com,,,
TEDxAOSRYouth,Roma,,Italy,2025-11-13,https://www.tedxaosryouth.com,,,
TEDxYorkvilleWomen,New York,New York,United States,2025-11-13,https://www.tedxyorkvillewomen.com,,,
TEDxInstitutoMéxicodeBC,Tijuana,,Mexico,2025-11-13,https://www.tedxinstitutomxicodebc.com,,,
TEDxWilsonSquare,Tirana,,Albania,2025-11-13,https://www.tedxwilsonsquare.com,,,
TEDxSaintLouisUniversityMadrid,Madrid,,Spain,2025-11-13,https://www.tedxsaintlouisuniversitymadrid.com,,,
TEDxShanghaiSingaporeIntlSchool,Shanghai,,China,2025-11-14,https://www.tedxshanghaisingaporeintlschool.com,,,
TEDxSriBalajiUniversityPune,Pimpri-Chinchwad,,India,2025-11-14,https://www.tedxsribalajiuniversitypune.com,,,
TEDxClaret College Bangalore,Bengaluru,Karnataka,India,2025-11-14,https://www.tedxclaretcollegebangalore.com,,,
TEDxTAPMI,Badagabettu,Karnataka,India,2025-11-14,https://www.tedxtapmi.com,,,
TEDxBucharest Beirut International School,București,,Romania,2025-11-14,https://www.tedxbucharestbeirutinternationalschool.com,,,
TEDxCenturion,Centurion,Gauteng,South Africa,2025-11-14,https://www.tedxcenturion.com,,,
TEDxVictor Harbor,Victor Harbor,South Australia,Australia,2025-11-14,https://www.tedxvictorharbor.com,,,
TEDxBelfort,Belfort,,France,2025-11-14,https://www.tedxbelfort.com,,,
TEDxBatonRouge,Baton Rouge,Louisiana,United States,2025-11-13,https://www.tedxbatonrouge.com,,,
TEDxBedford Hills Correctional Facility,Bedford Hills,New York,United States,2025-11-14,https://www.tedxbedfordhillscorrectionalfacility.com,,,
TEDxYouth@PalmRoad,Nagpur,Maharashtra,India,2025-11-14,https://www.tedxyouthpalmroad.com,,,
TEDxBudapest,Budapest,,Hungary,2025-11-14,https://www.tedxbudapest.com,,,
TEDxLife Valley Youth,Kottayam,Kerala,India,2025-11-14,https://www.tedxlifevalleyyouth.com,,,
TEDxFIA Business School,São Paulo,,Brazil,2025-11-14,https://www.tedxfiabusinessschool.com,,,
TEDxAlpha Cambridge International School Youth,Tiruchirappalli,Tamil Nadu,India,2025-11-15,https://www.tedxalphacambridgeinternationalschoolyouth.com,,,
TEDxDYPKolhapur,Kolhapur,Maharashtra,India,2025-11-15,https://www.tedxdypkolhapur.com,,,
TEDxGIBS,Delhi,,India,2025-11-15,https://www.tedxgibs.com,,,
TEDxThaqafahSt,Muscat,,Oman,2025-11-15,https://www.tedxthaqafahst.com,,,
TEDxBaiaMare,Baia Mare,,Romania,2025-11-15,https://www.tedxbaiamare.com,,,
TEDxLaRochelle,La Rochelle,,France,2025-11-15,https://www.tedxlarochelle.com,,,
TEDxBisceglie,Bisceglie,,Italy,2025-11-15,https://www.tedxbisceglie.com,,,
TEDxImola,Imola,,Italy,2025-11-15,https://www.tedximola.com,,,
TEDxIAE Aix Marseille,Aix-en-Provence,,France,2025-11-15,https://www.tedxiaeaixmarseille.com,,,
TEDxPoitiers,Chasseneuil-du-Poitou,,France,2025-11-15,https://www.tedxpoitiers.com,,,
TEDxMadeira,Funchal,Madeira,Portugal,2025-11-15,https://www.tedxmadeira.com,,,
TEDxHarkerSchool,San Jose,California,United States,2025-11-14,https://www.tedxharkerschool.com,,,
TEDxChiangMai,Chiang Mai,,Thailand,2025-11-15,https://www.tedxchiangmai.com,,,
TEDxYerbaBuena,Yerba Buena,Tucumán,Argentina,2025-11-15,https://www.tedxyerbabuena.com,,,
TEDxPuntaCanaWomen,Punta Cana,,Dominican Republic,2025-11-15,https://www.tedxpuntacanawomen.com,,,
TEDxBoston,Cambridge,Massachusetts,United States,2025-11-15,https://www.tedxboston.com,,,
TEDxLafayette,Lafayette,Louisiana,United States,2025-11-15,https://www.tedxlafayette.com,,,
TEDxJardínZenea,Santiago de Querétaro,,Mexico,2025-11-15,https://www.tedxjardnzenea.com,,,
TEDxManhattanBeach,Manhattan Beach,California,United States,2025-11-15,https://www.tedxmanhattanbeach.com,,,
TEDxMenloCollege,Atherton,California,United States,2025-11-15,https://www.tedxmenlocollege.com,,,
TEDxAdmiraltyWay,"Lekki, Lagos",,Nigeria,2025-11-15,https://www.tedxadmiraltyway.com,,,
TEDxMinna,Minna,,Nigeria,2025-11-15,https://www.tedxminna.com,,,
TEDxUniversityofAlgiers3,Algiers,,Algeria,2025-11-15,https://www.tedxuniversityofalgiers3.com,,,
TEDxBristol,Bristol,England,United Kingdom,2025-11-15,https://www.tedxbristol.com,,,
TEDxBilancinoLake,Scarperia,,Italy,2025-11-15,https://www.tedxbilancinolake.com,,,
TEDxOshkosh,Oshkosh,Wisconsin,United States,2025-11-15,https://www.tedxoshkosh.com,,,
TEDxVenezia,Venezia,Veneto,Italy,2025-11-16,https://www.tedxvenezia.com,,,
TEDxPeraYouth,İstanbul,,Turkey,2025-11-16,https://www.tedxperayouth.com,,,
TEDxVancouver,Vancouver,British Columbia,Canada,2025-11-16,https://www.tedxvancouver.com,,,
TEDxLecce,Lecce,,Italy,2025-11-16,https://www.tedxlecce.com,,,
TEDxLakeMary,Sanford,Florida,United States,2025-11-16,https://www.tedxlakemary.com,,,
TEDxFieldingGraduateUniversity,Cincinnati,Ohio,United States,2025-11-17,https://www.tedxfieldinggraduateuniversity.com,,,
TEDxBUU,Nilufer,,Turkey,2025-11-19,https://www.tedxbuu.com,,,
TEDxLatina,Latina,,Italy,2025-11-19,https://www.tedxlatina.com,,,
TEDxCentralUniversity,Tema,,Ghana,2025-11-19,https://www.tedxcentraluniversity.com,,,
TEDxINCA,Rio de Janeiro,,Brazil,2025-11-19,https://www.tedxinca.com,,,
TEDxEasternNYCorrectionalFacility,Napanoch,New York,United States,2025-11-19,https://www.tedxeasternnycorrectionalfacility.com,,,
TEDxChattanooga,Chattanooga,,United States,2025-11-19,https://www.tedxchattanooga.com,,,
TEDxGraz,Graz,,Austria,2025-11-19,https://www.tedxgraz.com,,,
TEDxACS Amman Youth,Amman,,Jordan,2025-11-19,https://www.tedxacsammanyouth.com,,,
TEDxUnity Park,Greenville,,United States,2025-11-19,https://www.tedxunitypark.com,,,
TEDxPrimaverii,Bucharest,,Romania,2025-11-20,https://www.tedxprimaverii.com,,,
TEDxUniversidad Rey Juan Carlos,Madrid,,Spain,2025-11-20,https://www.tedxuniversidadreyjuancarlos.com,,,
TEDxUniversity of the Sunshine Coast,Sippy Downs,,Australia,2025-11-20,https://www.tedxuniversityofthesunshinecoast.com,,,
TEDxSacred Heart Academy Youth,Buffalo,New York,United States,2025-11-20,https://www.tedxsacredheartacademyyouth.com,,,
TEDxBydgoszcz,Bydgoszcz,,Poland,2025-11-21,https://www.tedxbydgoszcz.com,,,
TEDxPocitos Women,Montevideo,,Uruguay,2025-11-21,https://www.tedxpocitoswomen.com,,,
TEDxNCU,Taoyuan,,Taiwan,2025-11-22,https://www.tedxncu.com,,,
TEDxQuezon City U,Quezon City,Manila,Philippines,2025-11-22,https://www.tedxquezoncityu.com,,,
TEDxJimbaran Hijau Foundation,Badiung,,Indonesia,2025-11-22,https://www.tedxjimbaranhijaufoundation.com,,,
TEDxKids@NMS,Jaipur,,India,2025-11-22,https://www.tedxkidsnms.com,,,
TEDxUNANDES,La Paz,,Bolivia,2025-11-21,https://www.tedxunandes.com,,,
TEDxRomanian American University,Bucharest,,Romania,2025-11-22,https://www.tedxromanianamericanuniversity.com,,,
TEDxLuanda,Luanda,,Angola,2025-11-22,https://www.tedxluanda.com,,,
TEDxAdesuwa Road,Benin City,,Nigeria,2025-11-22,https://www.tedxadesuwaroad.com,,,
TEDxENCGA,Agadir,,Morocco,2025-11-22,https://www.tedxencga.com,,,
TEDxUniversity of Algiers 2,Algiers,,Algeria,2025-11-22,https://www.tedxuniversityofalgiers2.com,,,
TEDxEAB Youth,Brasilia,,Brazil,2025-11-22,https://www.tedxeabyouth.com,,,
TEDxDilmun,Manama,,Bahrain,2025-11-22,https://www.tedxdilmun.com,,,
TEDxWhite Rock,White Rock,,Canada,2025-11-22,https://www.tedxwhiterock.com,,,
TEDxPlatanias,Platanias,,Greece,2025-11-22,https://www.tedxplatanias.com,,,
TEDxCanet En Roussillon,Canet-en-Roussillon,,France,2025-11-22,https://www.tedxcanetenroussillon.com,,,
TEDxSurco,Santiago de Surco,,Peru,2025-11-22,https://www.tedxsurco.com,,,
TEDxAlmansorPark,Monterey Park,California,United States,2025-11-22,https://www.tedxalmansorpark.com,,,
TEDxVerona,Verona,,Italy,2025-11-23,https://www.tedxverona.com,,,
TEDxTUWien,Wien,,Austria,2025-11-23,https://www.tedxtuwien.com,,,
TEDxBari,Bari,,Italy,2025-11-23,https://www.tedxbari.com,,,
TEDxStill I Rise International School Nairobi,Nairobi,,Kenya,2025-11-24,https://www.tedxstilliriseinternationalschoolnairobi.com,,,
TEDxUAS Kuwait Youth,Hawally,,Kuwait,2025-11-25,https://www.tedxuaskuwaityouth.com,,,
TEDxDanubia,Budapest,,Hungary,2025-11-25,https://www.tedxdanubia.com,,,
TEDxLjubljana,Ljubljana,,Slovenia,2025-11-25,https://www.tedxljubljana.com,,,
TEDxFive Forks Youth,Greenville,South Carolina,United States,2025-11-25,https://www.tedxfiveforksyouth.com,,,
TEDxMontmartre,Paris,,France,2025-11-25,https://www.tedxmontmartre.com,,,
TEDxYouth@ISGDammam,Dammam,,Saudi Arabia,2025-11-26,https://www.tedxyouthisgdammam.com,,,
TEDxDeakin Uni Melbourne,Burwood,,Australia,2025-11-27,https://www.tedxdeakinunimelbourne.com,,,
TEDxRambaug,Kalyan,,India,2025-11-27,https://www.tedxrambaug.com,,,
TEDxKaratekin University,Çankırı,,Turkey,2025-11-27,https://www.tedxkaratekinuniversity.com,,,
TEDxBMS Boudry,Boudry,,Switzerland,2025-11-27,https://www.tedxbmsboudry.com,,,
TEDxAlbanian College Tirana,Tiranë,,Albania,2025-11-27,https://www.tedxalbaniancollegetirana.com,,,
TEDxZagreb,Zagreb,,Croatia,2025-11-27,https://www.tedxzagreb.com,,,
TEDxLCWU,Lahore,,Pakistan,2025-11-27,https://www.tedxlcwu.com,,,
TEDxCapao,Capao da Canoa,,Brazil,2025-11-27,https://www.tedxcapao.com,,,
TEDxMaudeStreet,Sandton,,South Africa,2025-11-28,https://www.tedxmaudestreet.com,,,
TEDxGeneva,Genève,,Switzerland,2025-11-28,https://www.tedxgeneva.com,,,
TEDxUM5,Rabat,,Morocco,2025-11-28,https://www.tedxum5.com,,,
TEDxMacerata,Macerata,,Italy,2025-11-28,https://www.tedxmacerata.com,,,
TEDxWigan,Wigan,,United Kingdom,2025-11-28,https://www.tedxwigan.com,,,
TEDxULPGC,Las Palmas de Gran Canaria,,Spain,2025-11-28,https://www.tedxulpgc.com,,,
TEDxUPB Santa Cruz,Santa Cruz de la Sierra,,Bolivia,2025-11-28,https://www.tedxupbsantacruz.com,,,
TEDxBSKL Youth,Kuala Lumpur,,Malaysia,2025-11-28,https://www.tedxbsklyouth.com,,,
TEDxYouth@CaterhamSchool,Caterham,,United Kingdom,2025-11-28,https://www.tedxyouthcaterhamschool.com,,,
TEDxKitagata Youth,Kitakyushu,,Japan,2025-11-29,https://www.tedxkitagatayouth.com,,,
TEDxMCGS Youth,Ajmer,,India,2025-11-29,https://www.tedxmcgsyouth.com,,,
TEDxMaharashtra College,Mumbai,,India,2025-11-29,https://www.tedxmaharashtracollege.com,,,
TEDxBaghdad,Baghdad,,Iraq,2025-11-29,https://www.tedxbaghdad.com,,,
TEDxBaghdad,Baghdad,,Iraq,2025-11-29,https://www.tedxbaghdad.com,,,
TEDxBaghdad,Baghdad,,Iraq,2025-11-29,https://www.tedxbaghdad.com,,,
TEDxAUAthens,Athina,,Greece,2025-11-29,https://www.tedxauathens.com,,,
TEDxSJS Cornet Chahwan Youth,Cornet Chahwan,,Lebanon,2025-11-29,https://www.tedxsjscornetchahwanyouth.com,,,
TEDxBordeaux,Bordeaux,,France,2025-11-29,https://www.tedxbordeaux.com,,,
TEDxIAEMontpellier,Montpellier,,France,2025-11-29,https://www.tedxiaemontpellier.com,,,
TEDxReggioEmilia,Reggio Emilia,,Italy,2025-11-29,https://www.tedxreggioemilia.com,,,
TEDxSaintEtienne,Saint-Étienne,,France,2025-11-29,https://www.tedxsaintetienne.com,,,
TEDxInnsbruck,Innsbruck,,Austria,2025-11-29,https://www.tedxinnsbruck.com,,,
TEDxPanshanu,Toro,,Nigeria,2025-11-29,https://www.tedxpanshanu.com,,,
TEDxAbuja,Abuja,,Nigeria,2025-11-29,https://www.tedxabuja.com,,,
TEDxBambeto,Conakry,,Guinea,2025-11-29,https://www.tedxbambeto.com,,,
TEDxYCES Youth,Fushun,,China,2025-11-29,https://www.tedxycesyouth.com,,,
TEDxCaudan,TBC,,Mauritius,2025-11-29,https://www.tedxcaudan.com,,,
TEDxPescara,Montesilvano PE,,Italy,2025-11-29,https://www.tedxpescara.com,,,
TEDxRimini,Rimini,,Italy,2025-11-29,https://www.tedxrimini.com,,,
TEDxYouth@JPSRanebennur,Davanagere,,India,2025-11-30,https://www.tedxyouthjpsranebennur.com,,,
TEDxCortinaStudio,Cortina d'Ampezzo,,Italy,2025-11-30,https://www.tedxcortinastudio.com,,,
TEDxKioicho,Tokyo,,Japan,2025-11-30,https://www.tedxkioicho.com,,,
TEDxVincennes,Vincennes,,France,2025-11-30,https://www.tedxvincennes.com,,,
TEDxMünchen,München,,Germany,2025-11-30,https://www.tedxmnchen.com,,,
TEDxXLRI,Jamshedpur,,India,2025-12-01,https://www.tedxxlri.com,,,
TEDxPodarInternationalSchool,Mumbai,,India,2025-12-01,https://www.tedxpodarinternationalschool.com,,,
TEDxRasElBar,New Damietta,,Egypt,2025-12-01,https://www.tedxraselbar.com,,,
TEDxDeltaUniversity,Mansoura,,Egypt,2025-12-01,https://www.tedxdeltauniversity.com,,,
TEDxUWA,Crawley,,Australia,2025-12-03,https://www.tedxuwa.com,,,
TEDxWarrington,Warrington,,United Kingdom,2025-12-02,https://www.tedxwarrington.com,,,
TEDxYouth@AISR,Riyadh,,Saudi Arabia,2025-12-04,https://www.tedxyouthaisr.com,,,
TEDxIndianapolisSalon,Indianapolis,Indiana,United States,2025-12-05,https://www.tedxindianapolissalon.com,,,
TEDxAnjo,Anjo,,Japan,2025-12-06,https://www.tedxanjo.com,,,
TEDxVCE,Hyderabad,,India,2025-12-06,https://www.tedxvce.com,,,
TEDxUMED,Łódź,,Poland,2025-12-06,https://www.tedxumed.com,,,
TEDxFUKashere,Kashere,,Nigeria,2025-12-06,https://www.tedxfukashere.com,,,
TEDxBahiaBlanca,Bahia Blanca,,Argentina,2025-12-06,https://www.tedxbahiablanca.com,,,
TEDxApolloBeach,Tampa,Florida,United States,2025-12-06,https://www.tedxapollobeach.com,,,
TEDxKunskapsskolanIntlYouth,Gurgaon,,India,2025-12-06,https://www.tedxkunskapsskolanintlyouth.com,,,
TEDxLosAltosWomen,Los Altos,California,United States,2025-12-06,https://www.tedxlosaltoswomen.com,,,
TEDxENP,El Harrach,,Algeria,2025-12-06,https://www.tedxenp.com,,,
TEDxQatarUniversity,Doha,,Qatar,2025-12-06,https://www.tedxqataruniversity.com,,,
TEDxYelahanka,Bangalore,,India,2025-12-06,https://www.tedxyelahanka.com,,,
TEDxGuarulhosWomen,Guarulhos,,Brazil,2025-12-06,https://www.tedxguarulhoswomen.com,,,
TEDxHartford,Hartford,Connecticut,United States,2025-12-07,https://www.tedxhartford.com,,,
TEDxQCU,Qingdao,,China,2025-12-08,https://www.tedxqcu.com,,,
TEDxYouth@ACSBeirut,Beirut,,Lebanon,2025-12-09,https://www.tedxyouthacsbeirut.com,,,
TEDxKelownaYouth,Kelowna,British Columbia,Canada,2025-12-09,https://www.tedxkelownayouth.com,,,
TEDxHultAshridge,Berkhamstead,,United Kingdom,2025-12-10,https://www.tedxhultashridge.com,,,
TEDxColegioAngloColombiano,Bogota,,Colombia,2025-12-10,https://www.tedxcolegioanglocolombiano.com,,,
TEDxClermont,Clermont-Ferrand,,France,2025-12-10,https://www.tedxclermont.com,,,
TEDxStAndrewsCollege,Mumbai,,India,2025-12-11,https://www.tedxstandrewscollege.com,,,
TEDxDubnovGarden,Tel Aviv-Yafo,,Israel,2025-12-11,https://www.tedxdubnovgarden.com,,,
TEDxManaratAlFaroukSchool,Cairo,,Egypt,2025-12-12,https://www.tedxmanaratalfaroukschool.com,,,
TEDxViaTirso,Cagliari,,Italy,2025-12-12,https://www.tedxviatirso.com,,,
TEDxKrooBay,Freetown,,Sierra Leone,2025-12-12,https://www.tedxkroobay.com,,,
TEDxBarrioSanNicolas,Buenos Aires,,Argentina,2025-12-12,https://www.tedxbarriosannicolas.com,,,
TEDxPlayaMiramar,Ciudad Madero,,Mexico,2025-12-12,https://www.tedxplayamiramar.com,,,
TEDxIKGPTU,Kapurthala,,India,2025-12-13,https://www.tedxikgptu.com,,,
TEDxNapoli,Napoli,,Italy,2025-12-13,https://www.tedxnapoli.com,,,
TEDxKingsSquareWomen,Benin City,,Nigeria,2025-12-13,https://www.tedxkingssquarewomen.com,,,
TEDxPolicoroSalon,Policoro,,Italy,2025-12-13,https://www.tedxpolicorosalon.com,,,
TEDxAntofagasta,Antofagasta,,Chile,2025-12-13,https://www.tedxantofagasta.com,,,
TEDxIAQS,Mumbai,,India,2025-12-13,https://www.tedxiaqs.com,,,
TEDxTCAYouth,Tianjin,,China,2025-12-13,https://www.tedxtcayouth.com,,,
TEDxTupeloWomen,Tupelo,Mississippi,United States,2025-12-13,https://www.tedxtupelowomen.com,,,
TEDxReggioEmilia,Reggio nell’Emilia,,Italy,2025-12-13,https://www.tedxreggioemilia.com,,,
TEDxCaen,Caen,,France,2025-12-15,https://www.tedxcaen.com,,,
TEDxCaltanissetta,Caltanissetta,,Italy,2025-12-15,https://www.tedxcaltanissetta.com,,,
TEDxISDenverYouth,Aurora,Colorado,United States,2025-12-16,https://www.tedxisdenveryouth.com,,,
TEDxPamchalStreet,Mashhad,,Iran,2025-12-19,https://www.tedxpamchalstreet.com,,,
TEDxSanya,Sanya,,China,2025-12-20,https://www.tedxsanya.com,,,
TEDxThaoDien,Ho Chi Minh City,,Vietnam,2025-12-20,https://www.tedxthaodien.com,,,
TEDxVerbania,Pallanza,,Italy,2025-12-20,https://www.tedxverbania.com,,,
TEDxMoursal,NDJAMENA,,Chad,2025-12-20,https://www.tedxmoursal.com,,,
TEDxMayaSchoolsAntalya,Antalya,,Turkey,2025-12-20,https://www.tedxmayaschoolsantalya.com,,,
TEDxTeikyoU,Chiyoda City,,Japan,2025-12-21,https://www.tedxteikyou.com,,,
TEDxNarayanaETechnoSchool,Gurugram,,India,2025-12-21,https://www.tedxnarayanaetechnoschool.com,,,
TEDxCrotone,Crotone,,Italy,2025-12-21,https://www.tedxcrotone.com,,,
TEDxTehran,Tehran,,Iran,2025-12-21,https://www.tedxtehran.com,,,
TEDxYouth@KongjuNUHS,Gongju-si,,South Korea,2025-12-22,https://www.tedxyouthkongjunuhs.com,,,
TEDxSanyiRoad,Changsha,,China,2025-12-25,https://www.tedxsanyiroad.com,,,
TEDxGreentownYuhuaQinqinSchool,Hangzhou,,China,2025-12-26,https://www.tedxgreentownyuhuaqinqinschool.com,,,
TEDxKahilipara,Guwahati,,India,2025-12-26,https://www.tedxkahilipara.com,,,
TEDxSeera,Aden,,Yemen,2025-12-26,https://www.tedxseera.com,,,
TEDxColomina,Laayoune,,Morocco,2025-12-27,https://www.tedxcolomina.com,,,
TEDxPashaStreet,Tunis,,Tunisia,2025-12-27,https://www.tedxpashastreet.com,,,
TEDxWeigongStreet,沈阳 (Shenyang),,China,2025-12-27,https://www.tedxweigongstreet.com,,,
TEDxCanakkale,Çanakkale,,Turkey,2025-12-30,https://www.tedxcanakkale.com,,,
TEDxWenlaiMiddleSchoolYouth,Shanghai,,China,2025-12-31,https://www.tedxwenlaimiddleschoolyouth.com,,,
TEDxSwinburneVietNamDanang,Da Nang,,Vietnam,2025-12-31,https://www.tedxswinburnevietnamdanang.com,,,
TEDxFrankfurt,Frankfurt,,Germany,2025-12-31,https://www.tedxfrankfurt.com,,,
TEDxAzadiStreetWomen,Karachi,,Pakistan,2026-01-01,https://www.tedxazadistreetwomen.com,,,
TEDxVJCET,Vazhakulam,,India,2026-01-02,https://www.tedxvjcet.com,,,
TEDxTabarbour,Amman,,Jordan,2026-01-02,https://www.tedxtabarbour.com,,,
TEDxGreenfieldYouth,Faridabad,,India,2026-01-04,https://www.tedxgreenfieldyouth.com,,,
TEDxParkHouseEnglishSchoolYouth,Doha,,Qatar,2026-01-08,https://www.tedxparkhouseenglishschoolyouth.com,,,
TEDxRUET,Rajshahi,,Bangladesh,2026-01-09,https://www.tedxruet.com,,,
TEDxLucknow,Lucknow,,India,2026-01-09,https://www.tedxlucknow.com,,,
TEDxBITJaipur,Jaipur,,India,2026-01-10,https://www.tedxbitjaipur.com,,,
TEDxLandskrona,Landskrona,,Sweden,2026-01-10,https://www.tedxlandskrona.com,,,
TEDxWalthamstow,London,,United Kingdom,2026-01-10,https://www.tedxwalthamstow.com,,,
TEDxYouth@NCSSM,Durham,NC,United States,2026-01-10,https://www.tedxyouthncssm.com,,,
TEDxHadhramoutUniversity,Al Mukalla,,Yemen,2026-01-11,https://www.tedxhadhramoutuniversity.com,,,
TEDxWestminsterSchoolYouth,Simsbury,CT,United States,2026-01-13,https://www.tedxwestminsterschoolyouth.com,,,
TEDxCarrollwoodDaySchool,Tampa,Florida,United States,2026-01-15,https://www.tedxcarrollwooddayschool.com,,,
TEDxCalleAldama,San Miguel de Allende,,Mexico,2026-01-15,https://www.tedxcallealdama.com,,,
TEDxColumbusStateU,Columbus,Georgia,United States,2026-01-15,https://www.tedxcolumbusstateu.com,,,
TEDxUniversityofGreenwich,London,,United Kingdom,2026-01-16,https://www.tedxuniversityofgreenwich.com,,,
TEDxNESIntlSchool,Mumbai,,India,2026-01-17,https://www.tedxnesintlschool.com,,,
TEDxIIITSriCity,Sri City,,India,2026-01-17,https://www.tedxiiitsricity.com,,,
TEDxAvantikaUniversity,Lekoda,,India,2026-01-17,https://www.tedxavantikauniversity.com,,,
TEDxCoimbra,Coimbra,,Portugal,2026-01-17,https://www.tedxcoimbra.com,,,
TEDxJacareíStudio,Jacareí,,Brazil,2026-01-17,https://www.tedxjacarestudio.com,,,
TEDxFountainheadSchool,Surat,,India,2026-01-20,https://www.tedxfountainheadschool.com,,,
TEDxUTSYouth,Toronto,ON,Canada,2026-01-20,https://www.tedxutsyouth.com,,,
TEDxLiceoMazzarelloYouth,Torino,,Italy,2026-01-21,https://www.tedxliceomazzarelloyouth.com,,,
TEDxTeAwanga,Te Awanga,,New Zealand,2026-01-22,https://www.tedxteawanga.com,,,
TEDxCentraleNantes,Nantes,,France,2026-01-22,https://www.tedxcentralenantes.com,,,
TEDxCabula,Salvador,,Brazil,2026-01-24,https://www.tedxcabula.com,,,
TEDxHM,Munich,,Germany,2026-01-25,https://www.tedxhm.com,,,
TEDxRichmond,Surrey,,United Kingdom,2026-01-28,https://www.tedxrichmond.com,,,
TEDxBouaké,Bouaké,,Côte d'Ivoire,2026-01-30,https://www.tedxbouak.com,,,
TEDxCuenca,Cuenca,,Ecuador,2026-01-30,https://www.tedxcuenca.com,,,
TEDxXJTLU,Su Zhou Shi,,China,2026-01-31,https://www.tedxxjtlu.com,,,
TEDxVIT,मुंबई (Mumbai),,India,2026-01-31,https://www.tedxvit.com,,,
TEDxSofiaED,Sofia,,Bulgaria,2026-01-31,https://www.tedxsofiaed.com,,,
TEDxForlì,Forlì,,Italy,2026-01-31,https://www.tedxforl.com,,,
TEDxSpokane,Spokane,Washington,United States,2026-01-31,https://www.tedxspokane.com,,,
TEDxSindhiIntlSchoolYouth,Coimbatore,,India,2026-02-01,https://www.tedxsindhiintlschoolyouth.com,,,
TEDxUBCO,Kelowna,,Canada,2026-02-01,https://www.tedxubco.com,,,
TEDxUniversityofSaskatchewan,Saskatoon,,Canada,2026-02-01,https://www.tedxuniversityofsaskatchewan.com,,,
TEDxDPSFulbariYouth,Binnaguri,,India,2026-02-02,https://www.tedxdpsfulbariyouth.com,,,
TEDxFreeIraqiSchoolBaghdadStudio,Baghdad,,Iraq,2026-02-02,https://www.tedxfreeiraqischoolbaghdadstudio.com,,,
TEDxISCSMuwailehYouth,Sharjah,,United Arab Emirates,2026-02-05,https://www.tedxiscsmuwailehyouth.com,,,
TEDxMiznerBoulevard,Boca Raton,Flroida,United States,2026-02-04,https://www.tedxmiznerboulevard.com,,,
TEDxAmnuaySilpaSchoolYouth,Ratchathewi,,Thailand,2026-02-06,https://www.tedxamnuaysilpaschoolyouth.com,,,
TEDxRajdhaniCollege,New Delhi,,India,2026-02-06,https://www.tedxrajdhanicollege.com,,,
TEDxIESEBarcelona,Barcelona,,Spain,2026-02-06,https://www.tedxiesebarcelona.com,,,
TEDxParcCinquantanaireED,Bruxelles,,Belgium,2026-02-06,https://www.tedxparccinquantanaireed.com,,,
TEDxElproIntlSchool,Pimpri-Chinchwad,,India,2026-02-07,https://www.tedxelprointlschool.com,,,
TEDxSaintgits,Pathamuttam,,India,2026-02-07,https://www.tedxsaintgits.com,,,
TEDxPalmJumeirah,Dubai,,United Arab Emirates,2026-02-07,https://www.tedxpalmjumeirah.com,,,
TEDxAISAbujaYouth,Abuja,,Nigeria,2026-02-07,https://www.tedxaisabujayouth.com,,,
TEDxEustis,Eustis,Florida,United States,2026-02-07,https://www.tedxeustis.com,,,
TEDxMemphis,Memphis,Tennessee,United States,2026-02-07,https://www.tedxmemphis.com,,,
TEDxBRACU,Dhaka,,Bangladesh,2026-02-08,https://www.tedxbracu.com,,,
TEDxDPUTathawade,Pune,,India,2026-02-08,https://www.tedxdputathawade.com,,,
TEDxBZU,Multan,,Pakistan,2026-02-09,https://www.tedxbzu.com,,,
TEDxVITBhopal,Kothri Kalan,,India,2026-02-10,https://www.tedxvitbhopal.com,,,
TEDxWellingtonInternationalSchool,Dubai,,United Arab Emirates,2026-02-10,https://www.tedxwellingtoninternationalschool.com,,,
TEDxCroydon,Croydon,,United Kingdom,2026-02-10,https://www.tedxcroydon.com,,,
TEDxMethodistCollegeBelfastYouth,Belfast,,United Kingdom,2026-02-10,https://www.tedxmethodistcollegebelfastyouth.com,,,
TEDxSUU,Cedar City,Utah,United States,2026-02-10,https://www.tedxsuu.com,,,
TEDxAUMP,Gwalior,,India,2026-02-11,https://www.tedxaump.com,,,
TEDxUSJ,Bayrut,,Lebanon,2026-02-11,https://www.tedxusj.com,,,
TEDxTSPSDubaiYouth,Dubai,,United Arab Emirates,2026-02-12,https://www.tedxtspsdubaiyouth.com,,,
TEDxOranjezicht,Cape Town,,South Africa,2026-02-12,https://www.tedxoranjezicht.com,,,
TEDxMidland,Midland,Texas,United States,2026-02-12,https://www.tedxmidland.com,,,
TEDxAISGYouth,Guang Zhou Shi,,China,2026-02-13,https://www.tedxaisgyouth.com,,,
TEDxNgeeAnnPolytechnicYouth,Singapore,,Singapore,2026-02-13,https://www.tedxngeeannpolytechnicyouth.com,,,
TEDxPontiac,Farmington Hills,MI,United States,2026-02-24,https://www.tedxpontiac.com,,,
TEDxNightingaleCollege,Salt Lake City,UT,United States,2026-02-24,https://www.tedxnightingalecollege.com,,,
TEDxUIR,Rabat,,Morocco,2026-02-25,https://www.tedxuir.com,,,
TEDxAden,Aden,,Yemen,2026-02-26,https://www.tedxaden.com,,,
TEDxUSI,Evansville,IN,United States,2026-02-26,https://www.tedxusi.com,,,
TEDxOslo,Oslo,,Norway,2026-02-26,https://www.tedxoslo.com,,,
TEDxPhillipsAcademy,Andover,MA,United States,2026-02-27,https://www.tedxphillipsacademy.com,,,
TEDxGranadaHillsYouth,Los Angeles,CA,United States,2026-02-27,https://www.tedxgranadahillsyouth.com,,,
TEDxUttara,Dhaka,,Bangladesh,2026-02-28,https://www.tedxuttara.com,,,
TEDxJKKNIU,Trishal,,Bangladesh,2026-02-28,https://www.tedxjkkniu.com,,,
TEDxGGDSDCollege,Chandigarh,,India,2026-02-28,https://www.tedxggdsdcollege.com,,,
TEDxVitosha,Sofia,,Bulgaria,2026-02-28,https://www.tedxvitosha.com,,,
TEDxUMFST,Târgu Mureș,,Romania,2026-02-28,https://www.tedxumfst.com,,,
TEDxUPValència,València,,Spain,2026-02-28,https://www.tedxupvalncia.com,,,
TEDxGöttingen,Göttingen,,Germany,2026-02-28,https://www.tedxgttingen.com,,,
TEDxSalò,Salò (Brescia),,Italy,2026-02-28,https://www.tedxsal.com,,,
TEDxMirandaHouse,New Delhi,,India,2026-02-28,https://www.tedxmirandahouse.com,,,
TEDxEvansYouth,Augusta,,United States,2026-02-28,https://www.tedxevansyouth.com,,,
TEDxRedondoUnionHighSchool,Redondo Beach,CA,United States,2026-02-28,https://www.tedxredondounionhighschool.com,,,
TEDxThe Bund Women,Shanghai,,China,2026-03-01,https://www.tedxthebundwomen.com,,,
TEDxRenai Road,Da’an District,,Taiwan,2026-03-01,https://www.tedxrenairoad.com,,,
TEDxLe Quy Don HS Binh Dinh,Quy Nhơn,,Vietnam,2026-03-01,https://www.tedxlequydonhsbinhdinh.com,,,
TEDxMolloy University,Rockville Centre,NY,United States,2026-02-28,https://www.tedxmolloyuniversity.com,,,
TEDxMenofia National University,Barakat Al-Sabaa,,Egypt,2026-03-01,https://www.tedxmenofianationaluniversity.com,,,
TEDxComiso,Comiso,,Italy,2026-03-01,https://www.tedxcomiso.com,,,
TEDxKalamazoo,Kalamazoo,MI,United States,2026-03-01,https://www.tedxkalamazoo.com,,,
TEDxCary,Cary,NC,United States,2026-03-01,https://www.tedxcary.com,,,
TEDxUniversity of Montana Western,Dillon,MT,United States,2026-03-01,https://www.tedxuniversityofmontanawestern.com,,,
TEDxUBCO,Kelowna,BC,Canada,2026-03-01,https://www.tedxubco.com,,,
TEDxLitai Cambridge Youth,China,,China,2026-03-02,https://www.tedxlitaicambridgeyouth.com,,,
TEDxNicmar,Pune,,India,2026-03-03,https://www.tedxnicmar.com,,,
TEDxInterlochen Arts Academy,Interlochen,MI,United States,2026-03-04,https://www.tedxinterlochenartsacademy.com,,,
TEDxKenmore Jr Sr High Youth,Buffalo,NY,United States,2026-03-04,https://www.tedxkenmorejrsrhighyouth.com,,,
TEDxPrinceton Day School Youth,Princeton,NJ,United States,2026-03-05,https://www.tedxprincetondayschoolyouth.com,,,
TEDxKMIDS Youth,Bangkok,,Thailand,2026-03-05,https://www.tedxkmidsyouth.com,,,
TEDxNHLMMC,Ahmedabad,,India,2026-03-06,https://www.tedxnhlmmc.com,,,
TEDxRotterdam,Rotterdam,,Netherlands,2026-03-06,https://www.tedxrotterdam.com,,,
TEDxUT Tyler,Tyler,TX,United States,2026-03-06,https://www.tedxuttyler.com,,,
TEDxOrangeCountySchoolOfTheArts,Santa Ana,CA,United States,2026-03-06,https://www.tedxorangecountyschoolofthearts.com,,,
TEDxSaintFrancisHS,Mountain View,CA,United States,2026-03-06,https://www.tedxsaintfrancishs.com,,,
TEDxHongqiao Women,Shanghai,,China,2026-03-07,https://www.tedxhongqiaowomen.com,,,
TEDxMidlands State University Gweru,Gweru,,Zimbabwe,2026-03-07,https://www.tedxmidlandsstateuniversitygweru.com,,,
TEDxMaitama Women,Maitama,,Nigeria,2026-03-07,https://www.tedxmaitamawomen.com,,,
TEDxLisboa,Lisboa,,Portugal,2026-03-07,https://www.tedxlisboa.com,,,
TEDxManchester,Manchester,,United Kingdom,2026-03-07,https://www.tedxmanchester.com,,,
TEDxInnovation U,Tokyo,,Japan,2026-03-07,https://www.tedxinnovationu.com,,,
TEDxUniversity of South Florida,Tampa,FL,United States,2026-03-07,https://www.tedxuniversityofsouthflorida.com,,,
TEDxPurdueU,West Lafayette,IN,United States,2026-03-07,https://www.tedxpurdueu.com,,,
TEDxBrownU,Providence,RI,United States,2026-03-07,https://www.tedxbrownu.com,,,
TEDxWollongong,Wollongong,,Australia,2026-03-07,https://www.tedxwollongong.com,,,
TEDxEnsley Avenue ED,Birmingham,AL,United States,2026-03-07,https://www.tedxensleyavenueed.com,,,
TEDxYouth@Dayton,Dayton,,United States,2026-03-12,https://www.tedxyouthdayton.com,,,
TEDxBrasilia,Brasilia,,Brazil,2026-03-13,https://www.tedxbrasilia.com,,,
TEDxHandley Blvd Women,Winchester,,United States,2026-03-13,https://www.tedxhandleyblvdwomen.com,,,
TEDxPunta Del Este,Punta del Este,,Uruguay,2026-03-13,https://www.tedxpuntadeleste.com,,,
TEDxStellenbosch,Stellenbosch,,South Africa,2026-03-14,https://www.tedxstellenbosch.com,,,
TEDxGiarre,Giarre,,Italy,2026-03-14,https://www.tedxgiarre.com,,,
TEDxJCG Youth,Saint Helier,,Jersey,2026-03-14,https://www.tedxjcgyouth.com,,,
TEDxGovernadorValadares,Governador Valadares,,Brazil,2026-03-14,https://www.tedxgovernadorvaladares.com,,,
TEDxJundiaí Women,Jundiaí,,Brazil,2026-03-14,https://www.tedxjundiawomen.com,,,
TEDxBeverley Grove,Los Angeles,,United States,2026-03-14,https://www.tedxbeverleygrove.com,,,
TEDxBeverly Grove,Los Angeles,,United States,2026-03-14,https://www.tedxbeverlygrove.com,,,
TEDxLazzaro Spallanzani High School,Castelfranco Emilia,,Italy,2026-03-14,https://www.tedxlazzarospallanzanihighschool.com,,,
TEDxCollediValdElsa,Colle di Val d'Elsa,,Italy,2026-03-14,https://www.tedxcolledivaldelsa.com,,,
TEDxTeikyoU,Chiyodaku,,Japan,2026-03-15,https://www.tedxteikyou.com,,,
TEDxWaverley,Winnipeg,,Canada,2026-03-15,https://www.tedxwaverley.com,,,
TEDxVivekanandaCollege,Delhi,,India,2026-03-18,https://www.tedxvivekanandacollege.com,,,
TEDxAvila University,Kansas City,,United States,2026-03-18,https://www.tedxavilauniversity.com,,,
TEDxVivi Xavier,Londrina,,Brazil,2026-03-19,https://www.tedxvivixavier.com,,,
TEDxECL,Ulaanbaatar,,Mongolia,2026-03-20,https://www.tedxecl.com,,,
TEDxSMICSchool,Shanghai,,China,2026-03-20,https://www.tedxsmicschool.com,,,
TEDxPorto Seguro,Porto Seguro,,Brazil,2026-03-19,https://www.tedxportoseguro.com,,,
TEDxSitges,Sitges,,Spain,2026-03-20,https://www.tedxsitges.com,,,
TEDxUniversitat Carlemany,Andorra la Vella,,Andorra,2026-03-20,https://www.tedxuniversitatcarlemany.com,,,
TEDxOlomouc,Olomouc,,Czechia,2026-03-20,https://www.tedxolomouc.com,,,
TEDxTUDublin,Dublin,,Ireland,2026-03-20,https://www.tedxtudublin.com,,,
TEDxAsheville,Asheville,,United States,2026-03-20,https://www.tedxasheville.com,,,
TEDxThimphu,Thimphu,,Bhutan,2026-03-20,https://www.tedxthimphu.com,,,
TEDxColegio Nueva Granada,Bogotá,,Colombia,2026-03-20,https://www.tedxcolegionuevagranada.com,,,
TEDxColegioAmericanoXalapa Women,Dos Ríos,,Mexico,2026-03-20,https://www.tedxcolegioamericanoxalapawomen.com,,,
TEDxAntofagasta,Antofagasta,,Chile,2026-03-20,https://www.tedxantofagasta.com,,,
TEDxUWCMaastricht,Maastricht,,Netherlands,2026-03-21,https://www.tedxuwcmaastricht.com,,,
TEDxMagdeburg,Magdeburg,,Germany,2026-03-21,https://www.tedxmagdeburg.com,,,
TEDxLUCCA,Lucca,,Italy,2026-03-21,https://www.tedxlucca.com,,,
TEDxIvrea,Ivrea,,Italy,2026-03-21,https://www.tedxivrea.com,,,
TEDxMarvila,Lisboa,,Portugal,2026-03-21,https://www.tedxmarvila.com,,,
TEDxSMIC School Beijing,Beijing,,China,2026-03-21,https://www.tedxsmicschoolbeijing.com,,,
TEDxLages,Lages,,Brazil,2026-03-21,https://www.tedxlages.com,,,
TEDxWestminister,Westminster,,United States,2026-03-21,https://www.tedxwestminister.com,,,
TEDxColumbus HS,Miami,,United States,2026-03-21,https://www.tedxcolumbushs.com,,,
TEDxPSNACET,Dindigul,,India,2026-03-21,https://www.tedxpsnacet.com,,,
TEDxFranklin,Franklin,,United States,2026-03-21,https://www.tedxfranklin.com,,,
TEDxNACIS Shanghai Youth,Shanghai,,China,2026-03-21,https://www.tedxnacisshanghaiyouth.com,,,
TEDxLewis Palmer HS Youth,Monument,,United States,2026-03-21,https://www.tedxlewispalmerhsyouth.com,,,
TEDxColegio Merici Youth,CDMX,,Mexico,2026-03-21,https://www.tedxcolegiomericiyouth.com,,,
TEDxRoseville,Roseville,,United States,2026-03-21,https://www.tedxroseville.com,,,
TEDxUCIS Youth,Chiang Mai,,Thailand,2026-03-21,https://www.tedxucisyouth.com,,,
TEDxUofM,Ann Arbor,,United States,2026-03-21,https://www.tedxuofm.com,,,
TEDxNaples,Naples,,United States,2026-03-21,https://www.tedxnaples.com,,,
TEDxPesaro,Pesaro,,Italy,2026-03-22,https://www.tedxpesaro.com,,,
TEDxMorgan St Women,Durham,,United States,2026-03-22,https://www.tedxmorganstwomen.com,,,
TEDxJvL Youth,Hellevoetsluis,,Netherlands,2026-03-24,https://www.tedxjvlyouth.com,,,
TEDxCarcerediPotenza,Potenza,,Italy,2026-03-25,https://www.tedxcarceredipotenza.com,,,
TEDxNSYSU,Kaohsiung,,Taiwan,2026-03-26,https://www.tedxnsysu.com,,,
TEDxEloy Chaves Women,Jundiaí,,Brazil,2026-03-26,https://www.tedxeloychaveswomen.com,,,
TEDxLANNA Intl School Youth,Ban Waen,,Thailand,2026-03-27,https://www.tedxlannaintlschoolyouth.com,,,
TEDxSacred Heart University,fairfield Ct,,United States,2026-03-27,https://www.tedxsacredheartuniversity.com,,,
TEDxWalter Murray Collegiate Youth,Saskatoon,,Canada,2026-03-28,https://www.tedxwaltermurraycollegiateyouth.com,,,
TEDxTAMU,College Station,,United States,2026-03-29,https://www.tedxtamu.com,,,
TEDxStChristophersSchool,Maqabah,,Bahrain,2026-03-31,https://www.tedxstchristophersschool.com,,,
TEDxBUU,Bursa,,Türkiye,2026-04-01,https://www.tedxbuu.com,,,
TEDxICP,Paris,,France,2026-04-02,https://www.tedxicp.com,,,
TEDxRegent International School,Dubai,,United Arab Emirates,2026-04-03,https://www.tedxregentinternationalschool.com,,,
TEDxSiena,Siena,,Italy,2026-04-04,https://www.tedxsiena.com,,,
TEDxLiverpool,Liverpool,,United Kingdom,2026-04-04,https://www.tedxliverpool.com,,,
TEDxUSC,Los Angeles,,United States,2026-04-04,https://www.tedxusc.com,,,
TEDxBentleyU,Waltham,,United States,2026-04-05,https://www.tedxbentleyu.com,,,
TEDxErasmusUniversityCollege,Rotterdam,,Netherlands,2026-04-08,https://www.tedxerasmusuniversitycollege.com,,,
TEDxBurleigh Heads ED,Miami,,Australia,2026-04-09,https://www.tedxburleighheadsed.com,,,
TEDxWesternIowaTech,Sioux City,,United States,2026-04-09,https://www.tedxwesterniowatech.com,,,
TEDxAl Wahat Road,6 of October City,,Egypt,2026-04-10,https://www.tedxalwahatroad.com,,,
TEDxNewark,Newark,,United States,2026-04-10,https://www.tedxnewark.com,,,
TEDxBistupur,Jamshedpur,,India,2026-04-11,https://www.tedxbistupur.com,,,
TEDxBucknellUniversity,Lewisburg,,United States,2026-04-11,https://www.tedxbucknelluniversity.com,,,
TEDxLamia,Lamia,,Greece,2026-04-12,https://www.tedxlamia.com,,,
TEDxAIS Jeddah Youth,Jeddah,,Saudi Arabia,2026-04-14,https://www.tedxaisjeddahyouth.com,,,
TEDxArequito,Arequito,,Argentina,2026-04-15,https://www.tedxarequito.com,,,
TEDxBingöl University,BİNGÖL,,Türkiye,2026-04-16,https://www.tedxbingluniversity.com,,,
TEDxWolcottCollegePrep,Chicago,,United States,2026-04-16,https://www.tedxwolcottcollegeprep.com,,,
TEDxGdansk,Gdańsk,,Poland,2026-04-17,https://www.tedxgdansk.com,,,
TEDxMorgan State University,Baltimore,,United States,2026-04-18,https://www.tedxmorganstateuniversity.com,,,
TEDxBU,Brookline,,United States,2026-04-20,https://www.tedxbu.com,,,
TEDxYouth@LPCI,Toronto,,Canada,2026-04-22,https://www.tedxyouthlpci.com,,,
TEDxMisrod,Bhopal,,India,2026-04-23,https://www.tedxmisrod.com,,,
TEDxRishworth Youth,Rishworth,,United Kingdom,2026-04-24,https://www.tedxrishworthyouth.com,,,
TEDxThe Arbor School Dubai Youth,Dubai,,United Arab Emirates,2026-04-25,https://www.tedxthearborschooldubaiyouth.com,,,
TEDxCharlotte,Charlotte,,United States,2026-04-25,https://www.tedxcharlotte.com,,,
TEDxLake Como Youth,Como,,Italy,2026-04-27,https://www.tedxlakecomoyouth.com,,,
TEDxSantiago STEAM Youth,Lake Forest,,United States,2026-04-29,https://www.tedxsantiagosteamyouth.com,,,
TEDxCool Springs Youth,Franklin,,United States,2026-04-30,https://www.tedxcoolspringsyouth.com,,,
TEDxDELSU,Chengdu,,China,2026-05-01,https://www.tedxdelsu.com,,,
TEDxCardiff,Cardiff,,United Kingdom,2026-05-02,https://www.tedxcardiff.com,,,
TEDxSawmill Lake,Missouri City,,United States,2026-05-02,https://www.tedxsawmilllake.com,,,
TEDxLasVegas,Las Vegas,,United States,2026-05-03,https://www.tedxlasvegas.com,,,
TEDxLuxembourgCityED,Luxembourg,,Luxembourg,2026-05-04,https://www.tedxluxembourgcityed.com,,,
TEDxSydney,Milsons Point,,Australia,2026-05-07,https://www.tedxsydney.com,,,
TEDxPortsmouth,Portsmouth,,United States,2026-05-08,https://www.tedxportsmouth.com,,,
TEDxCOU,Kotbari,,Bangladesh,2026-05-09,https://www.tedxcou.com,,,
TEDxSan Giovanni in Persiceto,San Giovanni in Persiceto,,Italy,2026-05-09,https://www.tedxsangiovanniinpersiceto.com,,,
TEDxUNICATT,Milano,,Italy,2026-05-09,https://www.tedxunicatt.com,,,
TEDxDomodossola,Domodossola,,Italy,2026-05-10,https://www.tedxdomodossola.com,,,
TEDxTorino,Torino,,Italy,2026-05-12,https://www.tedxtorino.com,,,
TEDxCOLAM Youth,Saltillo,,Mexico,2026-05-13,https://www.tedxcolamyouth.com,,,
TEDxVitoriaGasteiz,Vitoria-Gasteiz,,Spain,2026-05-14,https://www.tedxvitoriagasteiz.com,,,
TEDxSan Nicola la Strada,San Nicola La Strada,,Italy,2026-05-15,https://www.tedxsannicolalastrada.com,,,
TEDxRoyal Tunbridge Wells Youth,Royal Tunbridge Wells,,United Kingdom,2026-05-15,https://www.tedxroyaltunbridgewellsyouth.com,,,
TEDxSGNS Youth,Delhi,,India,2026-05-16,https://www.tedxsgnsyouth.com,,,
TEDxIssaquah,Issaquah,,United States,2026-05-16,https://www.tedxissaquah.com,,,
TEDxEatonSquarePrep,London,,United Kingdom,2026-05-19,https://www.tedxeatonsquareprep.com,,,
TEDxGreat Bridge High School Youth,Chesapeake,,United States,2026-05-21,https://www.tedxgreatbridgehighschoolyouth.com,,,
TEDxYouth@Abbotsleigh,Wahroonga,,Australia,2026-05-22,https://www.tedxyouthabbotsleigh.com,,,
TEDxDwight School Dubai Youth,Dubai,,United Arab Emirates,2026-05-22,https://www.tedxdwightschooldubaiyouth.com,,,
TEDxComacchio,Comacchio,,Italy,2026-05-23,https://www.tedxcomacchio.com,,,
TEDxAraraquara,Araraquara,,Brazil,2026-05-23,https://www.tedxararaquara.com,,,
TEDxUTM,Johor Bahru,,Malaysia,2026-05-26,https://www.tedxutm.com,,,
TEDxMaitama Youth,Abuja,,Nigeria,2026-05-27,https://www.tedxmaitamayouth.com,,,
TEDxWinnipeg,Winnipeg,,Canada,2026-05-28,https://www.tedxwinnipeg.com,,,
TEDxWarsaw,Warszawa,,Poland,2026-05-29,https://www.tedxwarsaw.com,,,
TEDxBrayford Pool Salon,Lincoln,,United Kingdom,2026-05-30,https://www.tedxbrayfordpoolsalon.com,,,
TEDxTES Youth,Bogotá,,Colombia,2026-05-30,https://www.tedxtesyouth.com,,,
TEDxPerugia,Perugia,,Italy,2026-05-31,https://www.tedxperugia.com,,,
TEDxPucón,Pucon,,Chile,2026-06-01,https://www.tedxpucn.com,,,
TEDxKeystone Academy BJ,Beijing,,China,2026-06-02,https://www.tedxkeystoneacademybj.com,,,
TEDxBarnhill Drive,Indianapolis,,United States,2026-06-05,https://www.tedxbarnhilldrive.com,,,
TEDxLAU,Beirut,,Lebanon,2026-06-06,https://www.tedxlau.com,,,
TEDxMoseley,Birmingham,,United Kingdom,2026-06-06,https://www.tedxmoseley.com,,,
TEDxTikrit,Tikrit,,Iraq,2026-06-07,https://www.tedxtikrit.com,,,
TEDxGlasgow,Glasgow,,United Kingdom,2026-06-07,https://www.tedxglasgow.com,,,
TEDxUniversityofTehran,Tehran,,Iran,2026-06-11,https://www.tedxuniversityoftehran.com,,,
TEDxPietermaritzburg,Pietermaritzburg,,South Africa,2026-06-12,https://www.tedxpietermaritzburg.com,,,
TEDxBolingbrook Youth,Bolingbrook,,United States,2026-06-12,https://www.tedxbolingbrookyouth.com,,,
TEDxBocaRaton,Boca Raton,,United States,2026-06-13,https://www.tedxbocaraton.com,,,
TEDxPlano,Plano,,United States,2026-06-13,https://www.tedxplano.com,,,
TEDxLarchmont Village,Los Angeles,,United States,2026-06-14,https://www.tedxlarchmontvillage.com,,,
TEDxTruro,Truro,,United Kingdom,2026-06-15,https://www.tedxtruro.com,,,
TEDxMajmaah University,Al Majmaah,,Saudi Arabia,2026-06-19,https://www.tedxmajmaahuniversity.com,,,
TEDxBakersfield,Bakersfield,,United States,2026-06-20,https://www.tedxbakersfield.com,,,
TEDxSarasota,Sarasota,,United States,2026-06-27,https://www.tedxsarasota.com,,,
TEDxColombo,Colombo,,Sri Lanka,2026-06-30,https://www.tedxcolombo.com,,,
TEDxBells Beach,Torquay,,Australia,2026-07-01,https://www.tedxbellsbeach.com,,,
TEDxPHU,Amman,,Jordan,2026-07-01,https://www.tedxphu.com,,,
TEDxBenha University,Banha,,Egypt,2026-06-30,https://www.tedxbenhauniversity.com,,,
TEDxVelammal Global School Puzhal,Chennai,,India,2026-07-04,https://www.tedxvelammalglobalschoolpuzhal.com,,,
TEDxUniversity of Genova,Genova,,Italy,2026-07-04,https://www.tedxuniversityofgenova.com,,,
TEDxFerrara,Ferrara,,Italy,2026-07-04,https://www.tedxferrara.com,,,
TEDxPrahladnagar Salon,Ahmedabad,,India,2026-07-07,https://www.tedxprahladnagarsalon.com,,,
TEDxPatras,Patras,,Greece,2026-07-07,https://www.tedxpatras.com,,,
TEDxThe NGP School Coimbatore,Coimbatore,,India,2026-07-10,https://www.tedxthengpschoolcoimbatore.com,,,
TEDxBosque da Princesa,Pindamonhangaba,,Brazil,2026-07-10,https://www.tedxbosquedaprincesa.com,,,
TEDxHanoi Amsterdam Youth,Ha Noi,,Vietnam,2026-07-11,https://www.tedxhanoiamsterdamyouth.com,,,
TEDxSeasonsStreet,Pune,,India,2026-07-11,https://www.tedxseasonsstreet.com,,,
TEDxObour STEM Youth,Downtown Cairo,,Egypt,2026-07-14,https://www.tedxobourstemyouth.com,,,
TEDxMaitama ED,Abuja,,Nigeria,2026-07-16,https://www.tedxmaitamaed.com,,,
TEDxAachi Global School Youth,Chennai,,India,2026-07-17,https://www.tedxaachiglobalschoolyouth.com,,,
TEDxWoodville,Woodville South,,Australia,2026-07-18,https://www.tedxwoodville.com,,,
TEDxZamalek,cairo,,Egypt,2026-07-17,https://www.tedxzamalek.com,,,
TEDxNormal Station ED,Memphis,,United States,2026-07-18,https://www.tedxnormalstationed.com,,,
TEDxHamamatsu,Hamamatsu,,Japan,2026-07-19,https://www.tedxhamamatsu.com,,,
TEDxSterling,Middleburg,,United States,2026-07-20,https://www.tedxsterling.com,,,
TEDxCentreville Chicopee Youth,Kitchener,,Canada,2026-07-21,https://www.tedxcentrevillechicopeeyouth.com,,,
TEDxUni Anchieta,Jundiaí,,Brazil,2026-07-23,https://www.tedxunianchieta.com,,,
TEDxKC,Kansas City,,United States,2026-07-24,https://www.tedxkc.com,,,
TEDxShuguangLu,Beijing,,China,2026-07-25,https://www.tedxshuguanglu.com,,,
TEDxMaitama,Abuja,,Nigeria,2026-07-25,https://www.tedxmaitama.com,,,
TEDxJewels Leading Lights Youth,Abuja,,Nigeria,2026-07-25,https://www.tedxjewelsleadinglightsyouth.com,,,
TEDxPortrush,Portrush,,United Kingdom,2026-07-26,https://www.tedxportrush.com,,,
TEDxCadizUniversity,Cádiz,,Spain,2026-07-28,https://www.tedxcadizuniversity.com,,,
TEDxFaculdade Zarns Itumbiara,Itumbiara,,Brazil,2026-07-28,https://www.tedxfaculdadezarnsitumbiara.com,,,
TEDxBrevard,Brevard,,United States,2026-07-28,https://www.tedxbrevard.com,,,
TEDxWeixiuyuan Road Youth,Beijing,,China,2026-07-30,https://www.tedxweixiuyuanroadyouth.com,,,
TEDxForteDeiMarmi,Forte dei Marmi LU,,Italy,2026-07-30,https://www.tedxfortedeimarmi.com,,,
TEDxFara Gera d Adda,Milano,,Italy,2026-07-31,https://www.tedxfarageradadda.com,,,
TEDxClevelandStateUniversity,Cleveland,,United States,2026-07-31,https://www.tedxclevelandstateuniversity.com,,,
TEDxCPSI Youth,Nagpur,,India,2026-08-01,https://www.tedxcpsiyouth.com,,,
TEDxChuo University,Hachioji-shi,,Japan,2026-08-01,https://www.tedxchuouniversity.com,,,
TEDxAlabaster,Columbiana,,United States,2026-08-01,https://www.tedxalabaster.com,,,
TEDxSan Diego Salon,La Jolla,,United States,2026-08-01,https://www.tedxsandiegosalon.com,,,
TEDxUC Asunción,Asunción,,Paraguay,2026-08-01,https://www.tedxucasuncin.com,,,
TEDxAir Force GJI Youth,New Delhi,,India,2026-08-07,https://www.tedxairforcegjiyouth.com,,,
TEDxZacatecas,Zacatecas,,Mexico,2026-08-08,https://www.tedxzacatecas.com,,,
TEDxGeorge Women,George,,South Africa,2026-08-08,https://www.tedxgeorgewomen.com,,,
TEDxInglewood,Inglewood,,United States,2026-08-08,https://www.tedxinglewood.com,,,
TEDxLogan Circle,"Washington, DC",,United States,2026-08-11,https://www.tedxlogancircle.com,,,
TEDxTHSH Youth,Taipei City,,Taiwan,2026-08-12,https://www.tedxthshyouth.com,,,
TEDxMilton Keynes Youth,Milton Keynes,,United Kingdom,2026-08-12,https://www.tedxmiltonkeynesyouth.com,,,
TEDxDavenport,Davenport,,United States,2026-08-12,https://www.tedxdavenport.com,,,
TEDxJesolo,Jesolo,,Italy,2026-08-14,https://www.tedxjesolo.com,,,
TEDxPrahladnagar Salon,Ahmedabad,,India,2026-08-15,https://www.tedxprahladnagarsalon.com,,,
TEDxOsogbo,Abeere,,Nigeria,2026-08-15,https://www.tedxosogbo.com,,,
TEDxOldHickory Studio,Old Hickory,,United States,2026-08-18,https://www.tedxoldhickorystudio.com,,,
TEDxCUH,Mahendragarh,,India,2026-08-21,https://www.tedxcuh.com,,,
TEDxCortina,Cortina d'Ampezzo,,Italy,2026-08-21,https://www.tedxcortina.com,,,
TEDxSJCS Youth,Manila,,Philippines,2026-08-22,https://www.tedxsjcsyouth.com,,,
TEDxRJM Youth,Chinna Vallikulam,,India,2026-08-22,https://www.tedxrjmyouth.com,,,
TEDxIISERTVM,Vithura,,India,2026-08-22,https://www.tedxiisertvm.com,,,
TEDxRaleigh,Raleigh,,United States,2026-08-22,https://www.tedxraleigh.com,,,
TEDxYborCity,Tampa,,United States,2026-08-24,https://www.tedxyborcity.com,,,
TEDxSalerno,Salerno,,Italy,2026-08-25,https://www.tedxsalerno.com,,,
TEDxSan Diego,La Jolla,,United States,2026-08-26,https://www.tedxsandiego.com,,,
TEDxPune,Pune,,India,2026-08-29,https://www.tedxpune.com,,,
TEDxJaslok Hospital and Research Centre,Mumbai,,India,2026-08-29,https://www.tedxjaslokhospitalandresearchcentre.com,,,
TEDxBahiaBlanca,Bahia Blanca,,Argentina,2026-08-29,https://www.tedxbahiablanca.com,,,
TEDxGGI,Libra,,India,2026-08-30,https://www.tedxggi.com,,,
TEDxIntegral University,Dashauli,,India,2026-09-03,https://www.tedxintegraluniversity.com,,,
TEDxApeejay School Youth,Bhubaneswar,,India,2026-09-03,https://www.tedxapeejayschoolyouth.com,,,
TEDxEnna,Enna,,Italy,2026-09-03,https://www.tedxenna.com,,,
TEDxPrague British Intl School Youth,Praha,,Czechia,2026-09-03,https://www.tedxpraguebritishintlschoolyouth.com,,,
TEDxStockholm University,Stockholm,,Sweden,2026-09-04,https://www.tedxstockholmuniversity.com,,,
TEDxYerevan,Yerevan,,Armenia,2026-09-07,https://www.tedxyerevan.com,,,
TEDxIIM Nagpur,Dahegaon,,India,2026-09-10,https://www.tedxiimnagpur.com,,,
TEDxUOB ALBA,Beirut,,Lebanon,2026-09-10,https://www.tedxuobalba.com,,,
TEDxGCEKannur,Kannur,,India,2026-09-11,https://www.tedxgcekannur.com,,,
TEDxGary,Gary,,United States,2026-09-11,https://www.tedxgary.com,,,
TEDxUdvarhely,Odorheiu Secuiesc,,Romania,2026-09-12,https://www.tedxudvarhely.com,,,
TEDxSzczecin Women,Szczecin,,Poland,2026-09-12,https://www.tedxszczecinwomen.com,,,
TEDxEarlhamCollege,Richmond,,United States,2026-09-12,https://www.tedxearlhamcollege.com,,,
TEDxRussell,Louisville,,United States,2026-09-12,https://www.tedxrussell.com,,,
TEDxUREAL,La Paz,,Bolivia,2026-09-12,https://www.tedxureal.com,,,
TEDxParrish Street,Morrisville,,United States,2026-09-12,https://www.tedxparrishstreet.com,,,
TEDxSan Pedro Sula,San Pedro Sula,,Honduras,2026-09-12,https://www.tedxsanpedrosula.com,,,
TEDxStGeorge,St.George,,United States,2026-09-12,https://www.tedxstgeorge.com,,,
TEDxKivukoni,Dar es Salaam,,Tanzania,2026-09-14,https://www.tedxkivukoni.com,,,
TEDxRiver Nile School Youth,North Melbourne,,Australia,2026-09-17,https://www.tedxrivernileschoolyouth.com,,,
TEDxNorthwich,Hartford,,United Kingdom,2026-09-17,https://www.tedxnorthwich.com,,,
TEDxNorthern Quarter,Manchester,,United Kingdom,2026-09-17,https://www.tedxnorthernquarter.com,,,
TEDxLargo,Largo,,United States,2026-09-17,https://www.tedxlargo.com,,,
TEDxKristin School Youth,Auckland,,New Zealand,2026-09-18,https://www.tedxkristinschoolyouth.com,,,
TEDxConegliano Salon,Conegliano,,Italy,2026-09-18,https://www.tedxconeglianosalon.com,,,
TEDxBologna,Bologna,,Italy,2026-09-18,https://www.tedxbologna.com,,,
TEDxNMS Youth,Jaipur,,India,2026-09-19,https://www.tedxnmsyouth.com,,,
TEDxAzadi Street,Karachi,,Pakistan,2026-09-19,https://www.tedxazadistreet.com,,,
TEDxMalmö,Malmö,,Sweden,2026-09-19,https://www.tedxmalm.com,,,
TEDxMedijana,Niš,,Serbia,2026-09-19,https://www.tedxmedijana.com,,,
TEDxBolzano,Bolzano,,Italy,2026-09-24,https://www.tedxbolzano.com,,,
TEDxBreckenridge,Breckenridge,,United States,2026-09-25,https://www.tedxbreckenridge.com,,,
TEDxAristide Demetriade Street,Timișoara,,Romania,2026-09-26,https://www.tedxaristidedemetriadestreet.com,,,
TEDxAncona,Ancona,,Italy,2026-09-26,https://www.tedxancona.com,,,
TEDxCassino,Cassino,,Italy,2026-09-26,https://www.tedxcassino.com,,,
TEDxScarisbrick,Ormskirk,,United Kingdom,2026-09-26,https://www.tedxscarisbrick.com,,,
TEDxPointe Noire,Pointe-Noire,,Congo,2026-09-26,https://www.tedxpointenoire.com,,,
TEDxSandervalia,Conakry,,Guinea,2026-09-26,https://www.tedxsandervalia.com,,,
TEDxWilmette,Wilmette,,United States,2026-09-26,https://www.tedxwilmette.com,,,
TEDxMountRubidoux,Riverside,,United States,2026-09-26,https://www.tedxmountrubidoux.com,,,
TEDxPanaji,Panaji Goa,,India,2026-09-26,https://www.tedxpanaji.com,,,
TEDxMiura,Miura 三浦市,,Japan,2026-09-27,https://www.tedxmiura.com,,,
TEDxAtlantic Hall Youth,Poka,,Nigeria,2026-09-30,https://www.tedxatlantichallyouth.com,,,
TEDxCardinal Gibbons HS,Fort Lauderdale,,United States,2026-09-30,https://www.tedxcardinalgibbonshs.com,,,
